education_level,stream,gpa,math_score,programming_score,python_skill,ml_skill,data_analysis_skill,web_dev_skill,communication_skill,hours_per_week,projects_done,certifications,internship_experience,hackathon_participation,career_path
PG,CS,6.87,68,44,10,7,4,6,9,18,6,2,0,1,6
UG,IT,6.67,79,53,2,5,4,1,7,29,5,1,1,1,6
UG,IT,5.92,51,87,5,8,0,10,10,27,2,3,0,1,6
PG,ME,7.96,42,80,6,4,8,6,1,3,8,3,1,1,3
PG,Civil,6.93,65,82,1,3,6,7,2,13,0,3,1,1,3
PG,CS,8.78,45,83,9,3,5,1,9,33,9,5,1,1,0
PG,CS,8.64,54,91,7,4,1,4,7,25,8,3,1,1,3
PG,Civil,6.38,68,44,0,8,6,8,7,0,7,2,0,0,4
PG,IT,8.56,74,62,10,4,9,6,9,40,6,0,1,1,1
PG,ME,6.65,87,52,7,4,2,7,5,26,2,0,0,0,4
PG,EEE,9.86,42,30,4,9,6,6,10,8,9,1,1,0,4
PG,ME,6.01,71,81,3,4,6,6,10,28,3,4,1,0,3
UG,CS,6.45,61,57,1,9,8,4,5,27,3,5,1,0,6
PG,IT,6.62,94,91,0,0,8,10,8,12,8,2,0,1,1
PG,EEE,7.55,48,91,4,0,2,9,7,14,10,5,1,1,3
UG,Civil,7.79,91,91,0,9,3,6,1,2,0,4,0,1,4
PG,EEE,5.18,88,31,1,5,6,4,0,0,2,5,1,0,4
UG,IT,7.45,71,99,6,3,6,10,7,16,5,4,1,1,3
PG,ME,8.17,50,45,0,8,10,5,2,19,10,3,0,1,4
PG,ME,7.56,58,49,6,3,8,0,7,38,1,0,0,1,4
PG,Civil,8.68,89,52,9,2,6,9,8,1,0,5,1,0,4
PG,Civil,9.5,98,38,8,2,2,2,3,23,5,0,1,1,4
PG,IT,5.42,47,65,5,7,3,2,8,34,8,4,1,1,6
PG,EEE,6.53,41,83,2,8,3,0,3,32,4,3,1,1,3
UG,IT,8.72,42,46,0,10,2,5,6,21,5,5,0,0,5
PG,IT,9.46,66,56,1,4,0,0,4,18,3,2,1,0,6
PG,Civil,5.22,83,59,4,5,2,8,4,23,0,5,0,0,4
UG,Civil,9.82,72,92,4,6,0,2,1,24,9,5,1,0,3
UG,EEE,7.85,63,61,5,6,1,10,9,1,9,0,1,0,4
PG,Civil,5.68,93,77,6,9,6,9,2,24,7,4,1,1,3
PG,CS,5.03,75,74,3,0,7,2,6,14,1,1,1,0,3
UG,CS,8.36,90,54,9,5,9,9,5,5,5,2,1,0,1
PG,Civil,7.61,92,89,4,6,3,5,3,29,2,3,1,0,3
UG,Civil,9.85,81,59,2,0,7,2,9,25,4,1,0,1,4
UG,CS,9.18,48,41,4,0,9,9,0,33,5,0,1,0,6
UG,Civil,6.4,55,90,6,4,5,6,2,11,9,2,0,1,4
UG,ECE,5.07,53,98,0,3,4,9,9,20,6,3,0,1,6
UG,ME,7.17,62,39,5,4,3,1,3,30,9,1,0,1,4
UG,IT,7.51,95,98,3,7,6,1,0,27,10,3,1,1,3
PG,ME,6.94,99,62,0,2,10,4,2,0,0,1,0,1,1
UG,EEE,6.37,51,75,1,2,1,2,6,16,9,4,1,1,3
PG,CS,5.12,73,36,3,9,4,1,10,28,7,3,0,0,6
UG,IT,9.84,75,39,4,8,7,2,0,34,3,1,0,0,6
PG,IT,7.9,62,91,4,0,6,6,8,34,8,5,0,0,6
PG,CS,7.53,87,42,10,2,0,3,8,18,8,3,1,0,6
PG,ME,9.75,58,45,4,4,2,8,3,20,3,4,0,1,4
PG,CS,8.95,84,82,9,9,6,9,4,34,6,4,0,0,0
PG,EEE,5.59,51,38,9,9,0,5,6,12,7,1,0,1,2
PG,ECE,9.46,41,34,4,5,2,7,0,21,3,0,0,0,6
PG,CS,9.93,43,65,5,2,5,6,10,9,9,2,0,1,6
UG,CS,7.46,52,87,3,7,8,6,0,2,8,3,0,0,6
UG,ECE,9.34,77,35,9,4,5,4,10,36,3,2,0,1,6
PG,EEE,5.38,86,78,0,4,5,5,2,15,6,0,0,1,4
PG,ME,9.79,55,53,4,7,9,3,9,7,9,3,1,1,4
PG,IT,5.39,80,93,10,5,0,8,0,19,2,4,1,1,3
UG,ECE,7.08,44,76,8,1,9,7,1,4,6,0,1,0,0
UG,Civil,7.4,86,78,10,4,9,8,5,26,0,4,0,1,1
UG,ME,5.18,40,50,6,5,0,4,4,37,2,4,0,0,4
UG,CS,8.63,49,46,4,8,0,2,3,0,0,1,1,0,6
PG,Civil,5.57,65,63,5,5,2,10,1,11,0,5,1,0,4
PG,IT,5.44,98,86,0,6,4,4,1,10,2,5,1,1,3
UG,EEE,9.9,89,59,10,2,1,3,8,37,0,3,1,0,4
PG,IT,7.62,56,34,3,9,7,0,9,16,3,4,1,1,6
PG,IT,7.46,52,72,10,2,8,6,6,15,10,5,1,1,3
PG,Civil,5.9,43,85,8,2,2,10,1,18,4,4,1,1,3
PG,ME,6.74,61,50,5,0,4,8,9,33,0,5,1,0,4
UG,CS,6.61,65,76,8,5,7,10,0,25,3,0,1,0,3
UG,ME,7.99,91,76,7,5,9,6,7,1,9,5,0,1,1
PG,ME,5.67,42,52,10,1,9,5,2,14,8,4,1,1,4
PG,ECE,7.82,56,73,8,0,3,8,3,9,2,0,0,1,6
PG,ECE,5.43,86,63,7,7,0,2,9,40,4,5,1,1,6
UG,IT,8.04,98,85,10,5,4,8,0,21,4,5,1,0,3
UG,IT,7.44,69,91,7,6,8,6,2,30,7,4,1,1,3
UG,ECE,5.56,41,33,5,5,0,7,5,1,10,1,0,0,6
UG,Civil,8.85,45,55,5,3,2,3,0,19,0,3,0,0,4
PG,IT,8.05,77,66,10,3,10,2,0,5,1,1,0,0,1
UG,EEE,7.74,41,42,7,1,3,0,4,8,0,0,0,0,4
UG,ME,7.36,94,64,0,4,1,4,7,10,8,1,1,0,4
PG,ECE,5.33,79,93,5,7,10,8,4,13,2,4,0,0,1
UG,IT,6.18,53,55,3,8,9,8,1,39,7,5,1,0,6
UG,ME,8.12,72,52,0,8,0,0,6,1,4,2,0,0,4
PG,EEE,7.16,42,36,2,7,9,3,0,29,6,2,1,0,4
UG,ME,5.76,72,56,6,0,3,5,1,9,4,2,1,0,4
UG,EEE,5.51,52,60,3,7,3,7,7,4,3,3,0,1,4
UG,EEE,5.06,90,65,3,9,10,10,4,19,10,5,1,1,1
PG,Civil,7.92,47,52,9,10,9,7,1,24,0,3,0,1,2
PG,CS,5.51,87,97,4,7,4,7,9,27,9,0,1,0,3
UG,ECE,8.68,79,70,5,10,6,0,4,20,9,5,1,1,3
UG,CS,9.19,40,92,5,6,2,7,4,8,4,0,1,1,3
UG,CS,8.94,65,70,2,3,8,9,10,37,1,1,0,1,6
PG,IT,9.59,82,88,10,2,5,7,8,6,3,5,0,1,5
PG,EEE,6.56,68,92,10,5,9,1,4,6,0,3,0,0,4
PG,EEE,7.79,61,92,7,0,6,0,6,18,0,4,0,1,4
UG,EEE,9.18,58,47,0,2,1,1,5,27,0,1,1,1,4
PG,ECE,8.83,43,30,7,6,6,2,9,9,2,5,1,1,5
PG,Civil,9.0,94,61,1,6,7,0,8,2,7,2,0,0,4
PG,ME,7.98,96,96,2,0,7,1,2,31,7,5,1,1,3
UG,ME,9.03,55,97,3,4,5,4,6,17,6,1,0,0,4
PG,ECE,6.04,58,48,3,1,1,0,4,19,10,1,0,1,6
UG,ME,6.82,94,41,3,4,4,5,8,33,4,3,0,1,4
PG,ECE,9.87,83,53,0,9,7,10,6,31,0,1,0,0,6
PG,CS,6.34,79,95,8,6,8,5,5,3,9,1,0,0,0
PG,EEE,8.46,76,99,1,4,9,3,8,37,1,0,0,0,1
UG,EEE,7.49,51,56,8,5,10,7,1,11,8,4,0,1,4
PG,ME,9.57,65,91,9,1,5,10,0,35,2,1,0,0,4
UG,CS,9.19,50,65,0,10,6,7,2,33,6,5,1,0,5
PG,IT,7.42,97,65,3,2,2,3,10,16,10,4,0,1,6
PG,CS,8.12,41,69,0,0,8,10,7,24,6,2,0,1,6
UG,EEE,9.0,83,80,5,1,2,4,10,16,9,0,0,0,4
UG,ECE,5.93,55,37,4,0,6,4,5,15,5,0,1,0,6
UG,EEE,8.23,98,55,8,9,9,6,0,22,9,4,1,1,1
UG,IT,6.56,54,36,8,2,7,1,10,22,1,5,1,0,6
UG,Civil,7.28,98,46,7,2,1,2,4,39,9,3,0,0,4
UG,CS,9.02,43,54,1,0,9,1,6,34,9,1,1,0,6
UG,IT,9.37,52,47,2,10,6,3,0,28,4,3,0,1,6
PG,CS,9.37,86,39,8,6,3,4,0,29,0,2,0,1,6
PG,IT,6.49,89,97,1,4,8,0,4,14,8,0,0,1,1
UG,IT,5.62,98,66,4,10,5,6,7,23,10,5,0,1,6
PG,CS,5.84,91,33,10,7,3,5,4,9,10,1,0,1,6
UG,IT,5.18,97,32,7,5,4,4,5,22,0,0,0,1,6
PG,Civil,9.97,98,64,1,1,0,7,2,31,2,5,0,1,4
PG,ECE,8.74,64,97,4,1,10,8,7,2,10,3,0,0,6
UG,EEE,5.22,73,71,8,7,8,4,10,33,7,3,0,1,1
UG,EEE,6.3,44,77,9,1,5,4,4,12,0,1,1,0,3
UG,CS,7.4,68,87,2,7,7,1,7,26,0,5,1,0,3
UG,ME,9.34,67,88,10,8,10,8,4,35,10,5,1,0,0
PG,ECE,9.41,84,87,8,2,6,9,9,31,10,4,1,0,0
UG,EEE,5.8,75,31,6,1,10,0,8,16,7,1,1,1,1
UG,EEE,7.7,74,99,2,6,9,8,1,27,4,4,1,1,1
PG,EEE,5.87,75,97,10,0,5,0,9,0,5,1,1,0,0
UG,CS,9.26,53,93,3,10,2,3,6,28,10,0,1,0,3
UG,ECE,7.44,90,87,6,9,1,1,3,16,2,4,0,0,6
PG,ME,7.64,68,58,10,3,1,3,5,10,10,2,0,1,4
PG,ECE,5.76,67,50,4,10,3,5,2,4,2,2,0,1,6
PG,IT,9.47,54,63,2,0,8,7,1,14,10,3,1,0,6
PG,EEE,9.34,92,37,10,1,3,6,2,28,4,3,1,0,4
UG,Civil,5.93,54,54,6,0,3,3,8,37,8,3,0,1,4
UG,IT,7.91,92,31,7,7,10,0,7,20,1,5,1,1,1
PG,IT,7.4,70,67,10,8,0,5,8,7,10,5,0,1,2
PG,ECE,5.73,51,75,5,5,3,0,9,39,1,3,0,1,6
UG,CS,7.67,80,59,0,3,9,5,6,1,5,1,1,1,1
UG,ME,9.0,73,73,0,7,10,2,10,5,8,5,0,0,1
UG,IT,8.06,80,37,7,1,3,10,6,10,3,3,1,1,6
PG,IT,8.92,42,70,9,10,1,5,6,11,8,4,0,1,2
PG,IT,6.65,85,74,7,6,4,6,2,17,5,1,0,1,6
UG,ECE,6.66,95,88,2,9,2,2,5,14,0,3,0,1,6
UG,Civil,9.8,97,90,7,3,4,3,3,23,1,0,0,1,4
UG,Civil,7.94,97,95,1,3,5,6,9,11,2,4,1,1,3
PG,EEE,9.18,72,55,7,3,6,9,1,36,4,5,0,0,4
UG,IT,6.24,99,43,7,6,8,3,1,38,5,0,0,0,1
UG,EEE,9.85,41,64,4,4,0,7,7,35,6,2,1,0,4
PG,EEE,7.21,55,39,8,0,4,3,7,11,0,0,1,1,4
UG,ME,5.84,96,66,4,4,0,0,7,27,5,3,0,0,4
UG,ECE,5.17,53,31,8,4,3,9,0,34,5,4,0,0,6
UG,ME,6.58,88,80,9,3,4,1,7,33,8,1,0,0,0
UG,ME,7.9,95,72,1,6,5,3,6,15,1,1,1,0,3
PG,CS,5.81,60,30,6,7,5,4,5,33,0,1,0,1,6
UG,ECE,5.09,57,46,9,7,7,0,10,7,8,5,1,0,6
PG,ME,8.0,70,43,4,4,8,9,1,5,8,0,0,0,4
PG,ECE,9.35,48,60,8,10,3,1,5,3,5,2,1,1,2
UG,CS,8.81,80,52,2,10,0,7,5,6,8,4,0,0,5
UG,EEE,6.83,46,44,4,2,8,0,0,31,0,2,1,1,4
UG,ME,5.37,74,95,8,2,4,9,7,1,5,3,0,0,0
UG,CS,6.71,51,34,1,4,3,10,6,5,1,3,0,0,6
PG,EEE,5.09,62,76,4,8,3,10,2,14,3,4,0,1,4
UG,ECE,5.97,53,97,4,3,10,2,7,15,9,3,1,1,3
UG,EEE,7.0,52,33,9,8,10,6,9,38,6,0,1,0,2
PG,ME,6.28,75,97,5,6,5,0,7,12,6,5,1,0,3
UG,IT,9.42,48,55,8,9,7,9,8,7,7,0,1,0,2
UG,CS,8.9,89,53,2,3,6,9,8,17,2,3,1,0,6
UG,ECE,7.12,44,76,0,2,1,0,6,20,0,5,1,0,3
PG,ME,8.21,67,61,10,9,8,8,8,1,2,4,1,0,2
UG,CS,7.21,78,70,0,10,6,7,2,3,9,5,1,1,3
UG,Civil,6.37,85,65,7,4,0,3,2,8,7,0,0,1,4
UG,CS,6.77,43,42,0,1,4,10,4,7,5,1,0,1,6
UG,ECE,6.15,97,32,5,5,1,6,1,37,0,2,1,0,6
PG,ECE,7.33,47,51,9,3,4,8,6,15,9,5,1,0,6
UG,CS,9.11,51,46,7,3,2,6,2,39,5,4,1,1,5
PG,CS,8.84,40,59,4,3,5,5,1,7,6,0,0,1,6
UG,ME,7.53,91,43,3,0,6,1,1,40,4,1,0,0,4
PG,IT,7.77,50,96,3,6,9,3,1,5,2,5,0,0,6
UG,ECE,9.96,76,41,0,9,5,1,2,29,7,1,1,1,6
UG,CS,9.03,55,36,3,8,4,2,1,26,1,2,1,1,6
UG,ME,9.88,49,54,1,8,5,0,3,30,0,5,1,1,4
PG,CS,9.15,91,32,2,8,5,8,4,33,7,4,1,1,5
UG,Civil,5.68,43,74,3,1,5,10,1,22,2,2,0,0,4
UG,EEE,5.96,64,31,10,1,7,8,6,18,8,2,0,0,4
PG,ME,8.91,85,36,0,3,3,6,7,16,4,3,1,0,4
PG,IT,8.12,99,67,6,1,4,3,2,6,10,3,1,1,3
UG,EEE,5.88,61,34,6,1,10,4,5,37,4,1,0,1,4
UG,IT,5.95,44,94,4,9,1,4,4,17,4,4,1,1,3
UG,Civil,6.86,88,89,10,4,3,6,4,25,3,1,1,1,3
UG,ECE,8.69,79,81,5,9,4,9,0,40,0,0,0,0,6
UG,EEE,9.04,87,58,0,9,1,9,7,20,10,1,1,0,4
UG,ME,7.25,88,46,6,7,2,4,0,22,4,4,1,0,4
UG,IT,8.73,40,80,7,2,7,0,4,19,4,1,0,1,6
UG,IT,9.96,91,44,2,6,2,2,10,4,4,5,1,1,5
PG,IT,5.34,49,67,0,7,7,8,8,1,1,2,0,1,6
PG,Civil,8.08,53,70,8,9,6,1,9,20,3,3,0,1,2
UG,EEE,5.57,52,82,1,10,9,0,7,17,6,0,0,1,4
PG,ECE,7.16,99,51,3,3,4,2,0,20,2,1,1,1,6
PG,ME,9.31,88,41,8,1,4,4,7,39,6,3,1,0,4
PG,EEE,6.6,61,51,1,1,4,3,10,30,2,3,0,1,4
UG,CS,7.71,72,85,2,5,2,6,6,24,4,1,1,1,3
UG,ME,9.06,83,34,2,0,3,7,2,31,9,1,0,0,4
UG,Civil,7.78,85,56,1,8,8,3,3,21,9,1,1,1,1
UG,IT,9.16,53,43,8,1,4,8,3,10,2,5,1,0,5
UG,CS,9.98,43,33,3,9,7,5,2,25,4,5,0,1,5
PG,ECE,8.48,60,67,3,8,3,0,6,6,3,4,1,0,3
PG,IT,5.32,55,87,6,3,3,7,7,33,1,2,0,1,6
UG,IT,9.13,88,92,2,5,7,9,5,30,3,2,1,0,3
UG,EEE,5.74,94,84,0,1,3,0,10,27,10,2,0,1,4
UG,Civil,6.5,72,46,5,3,3,10,5,13,10,0,1,1,4
PG,Civil,6.01,91,90,9,1,2,10,0,29,5,4,1,0,0
UG,CS,9.65,90,48,9,2,9,2,4,28,4,3,0,0,1
UG,Civil,7.29,44,99,9,3,6,6,1,34,0,0,1,1,3
PG,IT,5.29,85,89,8,3,7,8,3,20,7,3,1,1,0
UG,CS,5.18,46,64,6,7,9,5,9,24,5,3,0,0,6
PG,IT,9.27,82,86,4,3,1,0,10,6,5,1,1,1,3
UG,IT,7.74,63,44,6,4,9,9,7,13,8,4,1,0,6
PG,EEE,6.28,42,66,7,0,2,2,8,20,8,4,0,0,4
UG,Civil,5.76,43,62,0,7,1,9,10,40,6,5,0,0,4
PG,IT,8.06,85,99,1,0,9,4,4,1,5,0,1,1,1
PG,Civil,7.31,87,80,6,5,7,7,5,9,2,2,0,0,4
PG,IT,6.01,46,50,3,9,3,3,5,14,7,4,0,1,6
UG,ECE,5.81,53,56,8,7,9,9,0,1,8,5,0,1,6
PG,ECE,6.41,81,35,6,3,6,8,10,18,4,2,0,1,6
PG,Civil,5.93,47,53,8,3,4,4,7,8,7,1,1,1,4
UG,ECE,8.48,51,31,6,2,2,10,1,39,5,0,1,0,6
UG,EEE,5.17,47,61,10,4,3,5,5,18,8,3,0,1,4
PG,EEE,6.6,40,92,6,4,4,1,3,27,5,1,0,0,4
PG,ME,5.81,66,98,8,2,0,3,8,19,1,1,1,1,3
UG,ECE,8.66,67,38,3,5,1,5,2,10,1,3,1,0,6
UG,CS,6.79,73,32,9,4,7,9,0,20,2,3,1,0,6
PG,IT,8.7,57,87,10,8,6,5,0,4,10,5,0,0,0
PG,EEE,8.17,59,45,1,1,2,7,7,27,6,5,0,1,4
UG,EEE,6.14,47,92,2,3,9,8,5,14,4,2,0,0,4
PG,Civil,7.04,91,43,3,0,6,8,2,12,1,2,0,1,4
UG,ME,8.35,62,88,10,1,7,5,3,7,2,2,1,0,3
PG,ME,5.55,59,54,7,7,9,5,6,21,8,2,1,0,4
UG,ME,9.13,58,57,3,6,8,10,6,18,3,5,1,1,4
PG,CS,5.6,75,69,0,8,0,7,3,24,10,4,0,0,6
PG,ME,6.5,69,70,3,10,3,7,1,40,5,0,1,0,3
UG,Civil,8.13,55,91,0,2,10,1,4,20,4,3,0,0,4
UG,IT,7.44,92,90,8,3,2,0,1,23,0,4,0,0,6
UG,EEE,5.41,93,75,8,2,9,3,5,39,4,2,1,1,1
UG,CS,8.94,90,33,6,6,3,5,2,21,1,1,0,0,6
UG,IT,9.92,47,67,5,5,8,1,0,11,5,1,0,1,6
UG,EEE,6.19,81,94,8,0,2,7,2,19,7,0,0,0,0
UG,ECE,5.03,85,91,7,10,3,0,9,38,4,4,0,1,6
UG,IT,7.56,82,83,8,8,7,4,0,40,0,4,0,0,2
UG,CS,7.54,80,68,10,2,10,0,7,18,7,4,0,0,1
UG,Civil,8.04,87,62,9,6,9,4,7,24,10,5,0,1,1
PG,IT,6.29,62,78,3,1,1,1,3,29,0,3,1,0,3
PG,ECE,5.61,67,69,3,0,0,9,2,14,8,1,0,0,6
UG,ME,8.39,41,80,10,9,1,2,5,8,8,3,0,1,0
UG,IT,8.19,92,31,5,2,7,1,0,40,2,2,0,0,6
PG,CS,7.89,65,91,0,8,6,7,8,37,4,5,0,1,6
UG,Civil,7.02,84,82,5,9,1,2,2,27,8,2,1,1,3
PG,CS,6.86,96,62,7,6,1,7,4,6,3,4,1,0,6
PG,EEE,6.73,59,48,9,1,2,10,10,10,0,0,1,1,4
UG,IT,8.03,73,77,3,7,5,0,3,4,7,2,0,0,6
PG,EEE,5.68,65,56,5,10,10,9,2,5,10,4,0,0,4
UG,Civil,6.45,76,66,9,4,2,6,5,3,1,3,0,0,4
UG,CS,5.44,98,76,3,0,5,3,4,36,8,0,0,1,6
PG,ECE,5.84,92,80,2,9,1,2,9,20,4,3,0,0,6
UG,ECE,7.72,40,92,7,2,1,10,3,16,2,3,1,1,3
PG,ME,6.63,63,48,4,6,4,7,4,16,4,3,1,0,4
UG,IT,5.66,66,40,5,5,4,5,10,38,4,0,1,1,6
UG,ECE,7.33,97,41,5,0,2,2,9,31,5,1,1,1,6
PG,ME,7.61,63,52,10,10,8,2,1,16,2,4,1,0,2
PG,IT,7.04,90,76,3,6,2,8,7,16,0,0,0,1,6
UG,CS,6.2,77,96,10,4,6,1,5,28,5,2,0,1,0
UG,ME,7.64,60,95,8,7,2,7,8,29,2,2,1,1,3
PG,Civil,9.97,79,59,6,2,0,3,8,36,0,4,0,1,4
UG,EEE,9.69,99,30,3,2,1,7,6,8,1,5,1,1,4
UG,ME,8.44,70,32,1,2,10,5,1,39,0,1,1,1,4
UG,ECE,8.54,99,95,1,9,7,1,6,2,7,5,1,1,3
UG,CS,6.33,93,82,6,0,0,8,4,12,4,2,0,0,6
UG,ME,8.24,61,60,0,6,6,9,9,35,7,5,1,1,4
PG,Civil,8.41,53,79,3,4,7,5,3,12,10,1,1,0,3
PG,Civil,5.79,73,78,8,0,9,9,1,31,5,5,0,0,0
PG,ME,7.92,47,70,5,4,8,10,8,0,10,2,0,0,4
UG,ECE,9.33,43,44,2,2,0,5,7,11,2,4,0,1,5
PG,IT,5.21,68,62,10,8,7,6,9,22,4,4,0,0,2
PG,EEE,5.91,63,40,0,3,8,8,4,19,2,2,1,0,4
PG,CS,5.24,76,77,6,8,2,1,2,40,6,0,0,1,6
UG,Civil,7.76,75,60,1,8,8,5,10,21,0,3,0,0,1
PG,ME,8.04,73,38,7,7,6,3,1,2,5,3,1,0,4
UG,EEE,8.41,93,83,0,3,4,10,2,12,8,0,1,1,3
UG,Civil,7.58,83,76,4,9,4,5,7,1,5,0,1,1,3
UG,ME,7.07,64,32,5,0,5,3,7,28,10,0,1,1,4
UG,IT,7.6,77,94,3,6,0,7,9,11,10,5,0,1,6
PG,CS,8.85,69,63,4,5,6,4,8,32,6,1,0,1,6
UG,EEE,8.21,51,45,10,4,3,6,3,8,10,0,0,0,4
UG,IT,6.46,84,88,3,7,2,8,1,33,6,3,1,1,3
PG,CS,9.79,48,34,7,3,1,10,5,40,0,2,1,1,6
PG,Civil,8.1,96,55,8,9,10,2,10,12,4,3,0,0,1
UG,EEE,8.37,82,94,0,3,5,7,5,30,8,5,1,1,3
PG,ECE,5.74,44,81,8,10,7,5,0,37,10,1,0,1,0
UG,Civil,7.5,60,75,4,5,5,5,1,13,9,5,0,0,4
PG,ECE,5.22,69,35,7,10,0,0,10,12,1,2,0,1,6
UG,ECE,8.3,80,45,3,2,7,10,9,11,10,4,0,1,6
PG,Civil,7.97,94,55,5,3,2,10,1,16,10,2,0,1,4
PG,ME,9.89,94,37,9,7,3,0,10,38,0,2,1,1,4
UG,ME,8.82,68,73,8,4,9,3,4,27,9,2,0,1,4
PG,ME,9.04,79,95,6,7,10,5,4,26,8,4,0,1,1
PG,ECE,8.31,49,38,5,7,6,10,1,0,8,4,0,0,6
PG,ECE,8.18,59,64,2,0,6,10,9,13,0,1,0,1,6
UG,CS,6.93,92,97,0,1,0,9,9,19,3,1,0,0,6
UG,CS,8.76,44,94,0,5,1,7,8,28,3,4,1,0,3
PG,Civil,7.82,60,55,2,2,6,6,6,25,7,4,0,1,4
UG,ECE,8.9,81,44,1,3,7,8,2,38,8,2,1,1,6
PG,Civil,9.7,76,30,2,7,10,7,3,33,7,1,1,0,1
PG,EEE,7.58,88,82,7,3,6,4,4,40,8,4,0,1,4
PG,IT,7.61,76,86,9,7,6,6,5,20,3,2,1,0,3
UG,Civil,5.26,43,67,2,3,8,4,6,29,4,0,1,0,3
PG,EEE,6.36,96,76,5,3,6,7,5,20,5,4,1,0,3
UG,Civil,6.9,94,60,9,9,10,1,8,16,10,1,1,0,1
UG,IT,6.81,87,81,8,10,4,4,5,0,8,2,1,0,0
PG,Civil,9.66,63,95,7,6,10,5,0,22,9,4,1,0,3
UG,IT,6.37,98,70,8,5,5,3,3,2,0,0,1,1,3
UG,IT,7.81,94,93,0,0,2,9,3,31,3,1,0,0,6
PG,IT,8.91,74,87,0,1,6,3,7,28,2,5,0,0,5
UG,IT,9.84,58,94,4,10,5,7,2,18,10,2,1,0,3
UG,ME,5.79,43,73,6,1,7,5,2,36,7,5,1,0,3
PG,ME,7.86,55,80,1,3,7,0,0,11,4,2,0,0,4
UG,EEE,7.06,45,34,8,4,5,7,10,32,1,0,0,1,4
PG,ME,6.66,41,76,6,3,0,3,5,6,6,5,0,0,4
UG,ECE,8.93,68,49,7,1,9,8,8,7,9,5,0,1,5
UG,ECE,5.9,45,87,4,8,4,1,9,19,8,0,0,0,6
UG,Civil,6.99,98,32,9,1,8,2,1,23,9,5,1,1,1
PG,CS,8.02,78,58,5,3,10,8,5,19,2,3,0,0,1
PG,ME,7.77,92,63,5,2,5,10,9,8,0,5,0,0,4
UG,EEE,6.36,99,31,3,0,2,9,8,9,4,2,1,0,4
PG,ECE,9.41,98,51,3,1,8,0,0,3,6,0,0,1,1
UG,ME,9.7,49,65,8,9,5,5,0,9,1,2,1,1,2
UG,ECE,5.46,98,54,3,10,8,10,9,18,7,3,0,0,1
PG,ECE,8.19,81,79,3,7,6,0,4,22,3,0,0,1,6
PG,CS,6.35,87,63,7,10,1,2,9,32,10,1,1,1,6
UG,ME,6.67,57,67,2,3,10,7,2,9,5,0,0,1,4
PG,Civil,9.94,47,80,9,0,8,5,10,24,6,0,1,1,0
PG,IT,9.58,76,38,1,7,10,4,1,37,9,3,1,1,1
UG,ME,5.72,54,47,1,5,10,9,8,12,3,5,1,0,4
PG,ECE,5.28,93,97,0,6,2,5,1,0,5,5,0,1,6
UG,ECE,7.58,88,50,1,6,2,3,2,34,3,4,0,1,6
UG,IT,9.62,66,85,9,6,8,4,9,23,8,4,0,1,0
UG,CS,9.57,71,34,3,9,0,9,9,38,0,0,0,0,6
UG,CS,6.96,90,64,6,5,8,5,4,22,0,3,0,1,1
UG,ECE,8.74,96,58,4,6,3,6,0,39,4,1,0,1,6
UG,IT,8.95,69,51,5,0,0,10,9,13,9,1,0,1,6
UG,IT,7.91,73,57,10,6,6,5,2,14,7,2,0,0,6
PG,Civil,7.08,72,48,2,9,7,9,0,28,1,1,0,0,4
UG,Civil,9.35,73,77,0,4,6,7,9,16,6,4,0,1,4
UG,ECE,9.48,46,87,0,6,4,0,0,16,10,0,0,0,6
PG,ME,7.04,68,61,9,8,5,8,7,0,8,5,1,0,2
PG,EEE,7.43,90,58,2,2,1,8,2,10,4,5,1,0,4
PG,Civil,9.02,90,77,1,7,5,5,8,39,3,3,1,0,3
UG,CS,9.91,57,95,5,3,10,9,2,18,2,5,1,1,3
PG,ECE,8.04,94,91,3,10,3,10,9,30,10,2,1,0,3
PG,CS,9.16,88,38,1,7,8,3,7,8,9,1,0,1,1
PG,IT,8.76,78,87,3,0,2,4,2,28,10,3,0,0,6
PG,ECE,9.45,68,87,0,6,2,4,9,35,9,4,0,1,5
PG,Civil,8.79,51,71,10,5,7,7,10,39,10,1,1,1,3
PG,ME,9.54,83,40,0,9,1,1,2,25,6,1,1,1,4
PG,Civil,7.16,77,96,5,2,0,4,9,12,10,3,0,1,4
PG,EEE,5.32,92,33,6,6,5,7,3,36,3,3,0,1,4
UG,EEE,6.09,76,92,5,5,4,2,4,5,8,5,0,1,4
PG,EEE,6.63,68,47,1,7,10,0,5,37,10,3,1,0,4
PG,ME,9.67,66,90,9,2,10,2,0,34,3,2,0,0,4
UG,EEE,8.92,50,59,4,2,5,5,7,31,3,2,1,0,4
UG,EEE,9.69,44,39,2,8,3,2,10,1,9,4,0,0,4
UG,Civil,6.14,58,53,10,1,6,4,10,4,2,4,1,1,4
PG,IT,8.25,88,71,3,5,8,10,10,17,10,5,1,1,1
PG,ECE,9.71,60,73,4,6,8,10,8,40,5,1,1,0,3
UG,Civil,8.74,46,33,0,7,5,5,1,16,1,3,1,1,4
PG,EEE,5.12,98,72,7,5,3,5,2,27,7,1,1,0,3
UG,EEE,5.77,76,78,5,1,3,5,9,10,7,3,1,0,3
UG,IT,5.26,47,58,7,9,0,3,3,15,10,4,0,0,6
PG,Civil,8.42,66,82,6,7,8,2,2,19,4,1,0,0,4
PG,EEE,8.02,96,37,4,3,6,4,6,11,0,0,1,1,4
UG,CS,9.69,58,40,1,1,6,9,1,19,1,5,1,1,5
PG,CS,5.37,54,32,4,8,7,7,7,22,7,2,1,1,6
PG,CS,6.5,69,85,9,6,0,3,3,36,9,5,1,0,0
PG,CS,8.88,77,51,1,6,10,4,5,9,7,5,1,0,1
UG,ME,5.02,99,91,6,0,0,6,9,33,8,5,0,0,4
PG,ECE,7.87,90,69,0,9,6,6,0,31,8,3,1,0,3
PG,IT,7.61,52,92,5,2,6,8,2,17,6,3,0,0,6
PG,CS,7.57,79,42,0,0,4,5,2,12,8,3,1,1,6
UG,ME,8.22,43,68,7,8,10,5,5,27,4,5,0,1,4
PG,ECE,7.45,93,51,5,7,6,7,8,5,2,1,0,1,6
UG,CS,5.44,88,88,4,3,8,8,4,19,6,5,1,0,1
UG,ECE,8.12,81,78,3,3,0,5,3,32,0,4,0,1,6
PG,EEE,7.43,89,52,7,7,10,9,10,12,6,4,0,1,1
PG,ME,8.8,55,31,5,1,0,6,1,28,1,4,0,0,4
UG,ECE,8.81,87,84,0,7,2,3,8,9,4,3,1,0,3
PG,ME,9.26,48,83,0,2,10,1,8,31,0,4,1,0,3
PG,ECE,8.04,47,56,0,10,7,9,2,10,6,2,0,0,6
UG,CS,6.05,97,69,6,7,5,5,1,37,4,4,1,0,3
PG,IT,7.62,80,78,2,2,10,7,0,20,2,1,0,1,1
PG,ECE,9.67,67,46,5,2,7,5,1,37,6,4,0,1,5
PG,CS,8.7,65,78,10,3,9,3,9,31,0,0,1,0,3
PG,ECE,7.18,58,87,2,7,7,10,0,17,7,0,0,1,6
PG,IT,5.93,55,33,5,10,8,7,7,13,8,1,0,1,6
PG,EEE,5.03,93,55,3,7,9,2,2,23,4,2,1,0,1
PG,CS,5.28,54,64,8,4,9,1,6,30,1,3,1,0,6
UG,CS,6.48,87,84,0,5,8,1,2,20,8,3,0,1,1
PG,CS,5.6,72,67,9,9,3,8,4,23,8,1,0,1,2
PG,Civil,9.51,87,76,6,3,10,1,4,27,2,5,1,0,1
UG,IT,8.5,79,39,8,3,0,7,6,10,4,1,0,0,6
PG,Civil,7.32,95,88,5,4,8,10,1,0,7,3,0,1,1
UG,ME,9.32,83,68,9,10,7,5,9,29,8,1,0,1,2
PG,ME,6.74,94,60,3,8,0,6,5,39,4,0,0,0,4
UG,ECE,7.89,93,71,4,0,5,5,2,15,7,5,0,0,6
PG,Civil,6.64,65,42,0,5,0,5,2,13,7,4,0,1,4
UG,ECE,8.81,52,60,4,7,2,5,4,21,9,0,0,0,6
PG,IT,8.01,86,34,9,3,5,5,10,17,3,0,0,1,6
PG,Civil,9.22,46,73,6,2,10,2,0,34,2,3,1,0,3
PG,CS,7.02,87,73,7,7,0,6,10,0,2,3,0,1,6
PG,EEE,8.38,53,66,3,7,10,3,9,27,1,2,1,1,3
PG,EEE,7.51,82,60,8,6,1,7,6,38,9,4,0,1,4
UG,ME,7.02,49,47,1,4,4,6,1,22,4,5,1,1,4
PG,EEE,9.22,85,33,6,5,9,1,7,31,8,4,1,1,1
PG,CS,6.08,95,92,2,9,10,10,0,31,3,3,0,0,1
PG,IT,6.05,71,99,2,5,0,3,5,10,10,1,0,0,6
PG,CS,8.02,62,43,0,1,0,10,8,8,6,1,0,0,6
UG,CS,6.11,86,59,8,1,7,8,9,13,9,0,1,1,6
UG,CS,6.7,80,54,2,3,1,9,2,10,10,4,0,1,6
PG,ECE,9.87,94,93,1,8,9,1,5,10,0,2,1,0,1
PG,Civil,5.14,65,45,5,8,10,9,3,38,5,1,1,0,4
PG,ME,7.68,54,36,6,7,10,0,0,35,4,4,1,1,4
UG,IT,5.97,93,76,4,6,9,6,3,36,2,3,0,1,1
PG,ECE,7.76,52,50,4,10,6,3,3,24,5,3,1,1,6
UG,ME,5.63,57,98,5,3,2,6,1,12,10,5,1,0,3
PG,CS,6.72,91,81,3,8,6,2,2,37,5,3,0,0,6
UG,ME,9.13,48,61,3,1,1,4,3,22,10,4,1,1,4
PG,EEE,5.17,83,63,9,8,9,6,3,18,9,5,0,1,1
PG,IT,8.81,60,90,2,4,1,10,3,9,1,1,1,1,3
PG,Civil,7.82,55,45,6,4,10,7,0,10,6,4,1,0,4
PG,CS,5.08,89,41,0,0,10,0,4,6,1,1,1,1,1
UG,Civil,5.51,65,69,1,10,10,2,2,26,0,5,1,0,3
PG,ME,8.41,99,83,3,5,8,9,9,39,0,4,1,0,1
PG,IT,8.26,86,66,5,5,8,3,1,26,8,1,1,1,1
PG,IT,7.97,51,69,8,9,8,9,8,33,3,3,1,0,2
PG,ME,8.36,75,53,5,10,1,8,1,28,4,3,1,0,4
UG,ECE,5.12,60,39,4,1,7,1,9,11,5,5,1,0,6
UG,Civil,6.47,53,90,3,7,8,0,3,19,1,5,0,0,4
PG,ME,5.01,98,45,10,4,3,4,7,13,6,5,1,1,4
UG,EEE,6.62,84,43,6,0,8,5,1,4,10,3,0,1,1
PG,EEE,6.44,53,72,0,4,2,0,2,22,7,4,0,1,4
UG,IT,7.83,48,58,5,8,5,1,4,26,8,0,1,1,6
PG,CS,5.48,50,68,5,7,10,5,9,15,2,3,1,0,3
PG,IT,9.06,97,82,0,0,1,3,5,7,2,0,0,1,6
PG,ECE,5.64,66,49,8,6,3,2,5,18,5,2,0,0,6
UG,EEE,5.93,99,86,5,3,4,5,10,18,7,3,1,1,3
UG,Civil,7.62,90,55,6,10,8,3,7,18,6,2,1,0,1
PG,EEE,7.72,53,40,9,9,10,10,5,33,10,2,1,1,2
PG,EEE,6.26,77,71,0,2,7,7,10,6,10,4,1,0,3
PG,Civil,8.5,77,41,10,2,4,4,4,23,8,4,0,0,4
UG,IT,8.51,96,33,10,0,6,9,10,27,5,0,0,0,6
PG,EEE,5.6,67,86,9,8,5,2,0,35,2,5,1,0,2
UG,CS,5.53,85,59,3,7,8,2,5,37,6,0,1,0,1
PG,ME,8.24,57,70,9,9,8,6,1,37,10,3,0,0,2
PG,EEE,5.81,99,63,3,0,3,10,5,25,3,0,0,1,4
UG,EEE,6.82,74,37,7,2,3,1,3,26,8,1,1,1,4
UG,CS,9.39,74,76,10,10,3,4,0,38,9,0,1,1,0
UG,Civil,5.4,50,95,3,1,9,4,6,0,9,1,0,1,4
UG,EEE,5.89,45,73,7,7,5,2,4,17,4,5,0,1,4
PG,Civil,7.41,76,41,5,10,6,8,5,20,6,4,0,0,4
PG,Civil,5.66,54,31,3,6,4,5,1,2,6,2,1,1,4
UG,IT,8.76,97,62,10,9,10,3,10,17,3,0,1,0,1
UG,ECE,5.34,41,73,5,9,8,6,8,20,6,2,1,0,3
PG,ECE,7.71,67,80,6,0,8,9,5,31,4,4,1,0,3
PG,Civil,7.62,49,68,9,6,10,2,2,9,2,5,1,0,3
PG,ECE,9.27,68,48,2,7,7,6,9,19,3,2,0,0,6
UG,Civil,5.36,62,45,2,8,4,8,6,14,6,5,1,0,4
PG,CS,9.51,88,73,0,9,10,7,7,24,1,3,0,0,1
PG,EEE,8.98,85,70,3,8,6,10,5,4,10,0,1,1,3
PG,CS,6.91,53,57,1,10,8,2,7,26,8,3,1,0,6
UG,CS,5.11,96,96,9,7,5,7,6,29,4,0,1,1,3
UG,ME,8.09,57,95,9,6,1,1,8,10,2,2,0,0,4
PG,CS,8.44,53,74,7,8,0,2,10,21,6,5,0,1,6
PG,ECE,9.05,67,89,10,0,2,10,3,36,9,2,1,0,0
PG,CS,7.08,55,67,6,5,5,2,7,21,4,1,1,0,3
UG,ME,9.96,40,35,6,2,6,10,10,22,10,1,0,0,4
UG,ME,5.81,96,52,10,1,7,2,7,6,1,3,0,1,4
UG,EEE,6.65,92,86,4,9,7,0,6,19,4,5,0,1,4
UG,CS,8.0,80,95,8,9,1,8,5,10,8,4,1,1,0
UG,CS,5.12,53,95,7,2,6,4,2,32,7,2,1,1,3
UG,ECE,7.75,63,64,0,3,8,0,10,33,8,1,0,0,6
PG,CS,9.04,64,45,5,2,8,0,9,18,0,1,1,1,6
PG,CS,8.95,57,63,8,5,4,9,5,31,8,2,0,0,6
UG,IT,5.86,69,47,7,3,8,3,7,8,8,1,1,0,6
PG,Civil,5.1,74,81,4,6,4,3,1,1,3,1,0,1,4
PG,ECE,6.04,80,37,2,8,4,10,2,36,9,4,1,1,6
UG,ME,7.08,76,81,6,1,5,7,6,38,7,4,0,0,4
PG,IT,6.52,90,98,6,8,1,3,6,16,1,0,0,1,6
UG,EEE,7.88,81,99,2,9,2,1,10,19,4,2,1,0,3
UG,EEE,5.03,86,91,7,8,3,8,6,34,6,5,0,0,4
UG,ME,9.78,46,59,2,0,8,5,7,7,1,3,1,1,4
PG,Civil,7.43,56,92,6,10,9,1,3,24,5,1,0,1,4
PG,ME,8.41,64,84,0,7,10,9,2,33,2,2,1,0,3
PG,Civil,5.69,65,77,4,5,7,6,10,7,2,3,1,1,3
PG,CS,8.92,46,38,0,7,7,5,3,34,10,2,1,0,6
UG,EEE,5.27,66,30,10,5,6,6,8,10,9,4,0,1,4
PG,ECE,7.01,76,88,0,2,4,2,3,34,3,5,0,1,6
PG,IT,8.49,70,46,7,3,6,1,1,13,1,5,0,0,6
PG,CS,9.31,94,37,2,8,1,7,7,31,3,0,0,0,6
PG,IT,5.28,54,60,8,5,7,10,5,1,0,4,1,0,6
PG,CS,7.98,68,90,4,5,2,4,1,16,9,1,1,0,3
PG,ME,8.3,69,35,0,6,8,4,4,19,2,0,0,1,4
UG,Civil,7.39,81,86,1,8,10,3,5,21,5,1,0,0,1
UG,ECE,5.6,85,47,6,0,0,0,7,3,3,4,1,0,6
PG,Civil,6.87,71,62,9,8,6,3,5,15,1,1,1,1,2
UG,Civil,5.19,52,85,1,5,0,4,10,38,9,0,0,1,4
UG,EEE,9.33,90,59,9,1,9,3,2,6,7,1,1,0,1
PG,IT,8.77,61,94,3,0,3,1,10,28,4,1,1,0,3
UG,EEE,5.03,51,71,2,7,2,5,3,23,10,5,1,0,3
UG,EEE,9.76,88,53,6,2,5,8,6,34,5,2,1,1,4
PG,ME,7.46,80,71,1,0,1,6,9,16,5,5,0,0,4
PG,EEE,9.22,95,51,2,7,6,2,8,33,2,1,0,0,4
PG,IT,9.11,68,99,4,0,2,0,10,20,4,3,0,0,6
PG,ECE,7.41,65,94,3,9,10,0,8,22,6,3,0,0,6
PG,ECE,7.52,73,75,3,6,2,1,9,16,4,3,1,1,3
PG,ECE,8.7,59,30,5,4,9,5,2,17,5,4,0,0,5
PG,ECE,9.75,52,36,10,9,0,3,6,26,8,4,0,1,2
UG,ME,8.82,72,67,6,9,2,2,6,28,1,0,0,0,4
UG,ME,9.59,42,87,1,10,6,8,0,13,3,5,0,1,4
PG,CS,5.74,73,59,3,4,0,0,9,11,7,0,1,0,6
PG,ME,8.8,67,93,10,1,9,1,3,6,8,3,1,1,0
PG,IT,8.45,72,54,4,10,4,5,8,23,7,5,1,0,6
UG,CS,5.45,76,86,1,8,7,8,3,16,0,4,1,1,3
PG,Civil,7.91,97,50,1,6,7,9,0,17,9,3,0,0,4
PG,IT,6.64,48,43,0,3,1,10,3,8,10,3,0,0,6
UG,ME,8.72,91,55,8,9,9,0,1,31,4,2,1,0,1
UG,ECE,9.55,56,62,0,7,2,10,0,25,2,3,1,0,6
PG,IT,8.01,85,75,3,7,5,0,0,24,9,5,1,1,3
UG,Civil,7.25,68,35,3,6,8,10,9,25,6,0,1,0,4
PG,ECE,7.41,42,81,3,9,10,1,0,11,9,3,0,0,6
UG,IT,8.09,73,55,4,3,7,1,9,8,6,4,0,0,6
PG,ME,9.2,99,31,3,3,10,2,6,11,7,1,1,1,1
PG,ECE,7.09,58,63,5,3,5,1,3,29,4,2,1,0,6
PG,CS,7.78,58,35,3,10,4,10,4,6,10,4,0,0,6
UG,Civil,7.15,97,98,6,4,4,8,2,28,5,0,1,0,3
PG,CS,8.74,96,40,5,7,9,7,2,13,6,5,1,1,1
PG,CS,5.96,94,63,8,9,9,0,0,2,2,0,1,0,1
PG,IT,8.0,52,33,1,4,2,1,0,9,1,5,1,0,6
PG,Civil,8.33,96,41,8,1,7,9,10,35,9,4,1,1,4
PG,Civil,5.93,68,43,5,1,4,5,4,29,6,3,1,0,4
PG,EEE,7.51,40,55,5,5,5,5,9,5,0,2,1,1,4
UG,ME,7.43,49,50,7,5,4,8,6,23,0,2,1,1,4
UG,ECE,8.75,91,77,9,10,9,8,3,31,9,1,0,0,0
PG,CS,8.96,96,81,7,6,6,7,0,20,1,1,0,0,6
PG,Civil,6.97,59,64,2,1,5,1,7,7,4,1,0,1,4
PG,ME,9.97,41,87,9,3,0,7,8,3,9,2,1,0,0
PG,ME,6.45,97,52,10,5,0,7,1,7,1,0,1,0,4
PG,ME,5.82,93,42,2,2,9,7,10,11,1,2,1,1,1
UG,ME,7.66,76,31,4,6,9,9,7,11,6,5,1,0,1
PG,EEE,7.03,76,42,4,10,9,3,8,14,9,3,1,0,1
PG,Civil,6.5,87,99,0,3,10,9,4,22,4,4,0,0,1
UG,ME,9.92,79,52,10,3,7,4,9,24,9,4,1,1,4
PG,CS,5.19,48,41,4,5,3,5,7,34,4,1,1,1,6
PG,ECE,8.76,81,87,10,9,5,3,4,32,6,0,1,0,0
PG,CS,9.65,49,72,8,5,4,2,5,9,5,3,0,1,6
UG,IT,5.23,75,54,6,1,3,4,2,8,4,1,0,0,6
UG,ME,7.71,96,33,8,1,9,3,4,33,9,0,0,1,1
PG,EEE,6.77,87,64,9,5,6,9,0,37,6,5,1,0,4
PG,ECE,6.41,43,31,0,7,7,6,7,33,6,0,1,1,6
UG,Civil,7.91,86,44,10,3,3,2,5,21,1,0,1,0,4
PG,ECE,7.13,51,84,4,7,3,9,6,19,6,3,1,0,3
PG,Civil,7.01,56,66,2,1,3,3,3,18,6,0,1,0,3
PG,EEE,6.66,73,95,4,6,9,9,8,12,6,4,1,1,1
PG,Civil,6.27,66,89,2,4,7,0,0,38,4,5,0,0,4
PG,ECE,5.11,44,87,8,3,7,5,10,18,3,1,0,0,6
PG,IT,8.81,72,91,10,0,3,9,9,30,5,0,0,0,0
UG,ME,6.68,60,85,6,3,3,5,5,24,4,4,1,0,3
UG,ECE,6.41,68,48,0,0,2,9,4,34,8,2,0,0,6
UG,Civil,6.79,84,84,3,3,1,4,7,22,5,2,0,0,4
PG,EEE,6.74,48,95,2,2,7,6,5,19,8,0,0,0,4
PG,ECE,7.67,75,48,0,4,6,1,4,6,0,3,1,0,6
PG,Civil,5.28,64,98,3,7,8,3,2,23,4,1,1,0,3
UG,IT,8.34,57,46,7,10,2,6,0,0,8,3,1,1,6
PG,IT,8.97,61,56,2,3,0,4,0,0,9,2,0,1,6
UG,IT,8.24,99,47,10,1,10,6,0,28,1,3,1,1,1
PG,IT,9.63,73,65,1,5,10,8,10,8,7,2,0,1,1
UG,IT,6.24,67,59,3,6,3,8,1,13,5,3,0,1,6
PG,Civil,5.53,54,30,6,8,9,4,1,37,6,1,1,1,4
PG,CS,7.61,83,46,3,6,8,2,10,38,6,1,1,1,1
PG,ECE,7.98,97,80,1,5,1,4,1,31,2,2,1,1,3
UG,ME,9.77,42,77,0,6,7,1,3,9,6,0,1,1,3
PG,EEE,8.8,71,38,10,2,4,7,5,3,7,2,0,0,4
PG,ME,7.22,76,69,5,2,7,8,7,12,3,5,1,0,3
UG,EEE,6.8,56,65,7,0,2,0,8,1,8,4,1,1,4
PG,ECE,6.65,82,51,10,6,2,2,9,11,7,4,1,0,6
PG,ECE,9.94,80,86,4,7,9,0,8,39,5,4,0,0,1
PG,Civil,6.3,65,40,6,4,7,9,9,33,2,2,0,0,4
PG,IT,6.48,45,70,3,8,1,1,8,11,6,0,0,0,6
PG,ECE,5.82,62,99,5,1,5,3,8,14,0,4,1,0,3
PG,EEE,8.82,72,51,1,4,6,1,5,36,2,1,0,1,4
PG,EEE,7.16,83,45,5,5,2,1,1,29,8,2,0,0,4
UG,EEE,7.18,78,74,3,7,10,9,10,25,6,1,0,0,1
UG,EEE,5.67,44,82,9,2,8,5,9,38,3,5,0,1,4
UG,CS,6.4,91,40,0,5,9,10,10,32,4,5,1,1,1
PG,ME,5.33,50,94,2,2,6,0,8,37,3,2,0,0,4
UG,CS,5.49,83,93,9,4,8,1,1,37,9,1,1,1,0
UG,IT,7.63,88,99,0,2,9,4,9,20,9,5,0,1,1
UG,EEE,5.29,44,44,10,0,4,2,3,30,7,2,0,1,4
PG,Civil,8.35,77,87,10,5,8,10,7,7,0,4,0,1,1
PG,ME,6.67,47,92,4,7,3,7,9,30,1,0,0,1,4
UG,CS,7.91,69,55,9,5,3,3,5,36,5,0,1,0,6
UG,EEE,5.09,67,77,5,4,0,8,8,26,7,4,1,0,3
UG,EEE,8.68,82,34,9,6,9,3,8,26,9,5,1,0,1
PG,ECE,8.8,66,30,6,9,9,3,8,2,5,4,1,1,5
PG,ECE,8.88,97,31,5,4,3,6,7,19,0,0,0,0,6
PG,EEE,9.79,91,32,6,10,7,5,9,12,0,1,0,1,4
UG,IT,7.5,55,45,10,0,2,5,8,33,10,0,0,1,6
UG,IT,6.55,82,98,2,9,10,1,1,38,8,1,1,0,1
UG,IT,9.17,78,32,6,0,9,0,4,14,1,0,0,0,1
PG,IT,6.12,59,65,0,7,2,5,3,24,9,2,0,0,6
PG,Civil,5.71,61,82,3,3,3,3,3,17,1,0,1,1,3
UG,Civil,6.15,75,73,6,6,5,9,4,16,2,0,0,1,4
PG,ME,6.71,41,77,10,0,2,9,6,19,1,2,0,0,4
UG,EEE,9.29,57,45,3,6,6,2,4,16,9,1,1,1,4
PG,CS,9.7,44,74,9,8,0,0,3,35,1,0,1,0,2
PG,ECE,5.02,89,54,5,7,9,3,1,38,10,5,0,0,1
UG,ME,9.34,81,93,5,9,1,9,3,24,8,5,0,1,4
PG,ME,7.07,72,81,4,7,1,4,5,4,8,1,1,0,3
PG,CS,6.5,69,58,2,9,8,8,9,1,2,5,1,0,6
UG,IT,8.54,78,73,2,6,6,8,1,40,1,1,0,1,6
PG,IT,7.42,81,73,9,7,10,8,1,36,6,5,1,0,1
PG,IT,6.5,42,55,8,7,4,5,10,11,0,3,1,0,6
PG,IT,8.15,65,47,4,3,7,3,5,29,1,2,0,0,6
PG,ECE,6.6,47,86,8,2,3,7,8,18,4,2,0,1,6
UG,ME,5.72,62,56,7,9,10,2,1,28,6,3,0,0,4
UG,IT,7.21,58,45,6,6,9,7,4,27,4,4,0,1,6
UG,CS,7.99,54,42,0,10,6,0,10,17,1,4,1,1,6
UG,IT,6.79,78,62,9,0,0,5,1,5,1,5,1,1,6
PG,IT,7.97,80,46,6,9,5,5,5,5,9,3,0,1,6
PG,IT,7.71,62,77,6,7,1,8,4,40,9,4,0,0,6
PG,Civil,5.25,91,31,8,1,2,9,1,34,5,2,0,1,4
PG,IT,9.92,45,77,0,2,2,1,6,8,3,3,0,0,6
UG,Civil,6.23,69,97,4,0,10,1,8,1,4,4,1,1,3
PG,IT,6.1,61,40,6,9,2,5,9,40,10,1,0,1,6
PG,EEE,8.51,90,31,7,6,1,5,2,39,9,4,0,1,4
UG,ME,8.95,64,77,0,4,2,5,9,17,8,5,0,0,4
PG,EEE,9.05,60,56,9,10,5,6,3,27,0,2,1,1,2
UG,IT,9.68,51,95,7,5,6,4,8,20,10,4,0,0,5
PG,CS,5.75,63,60,0,6,4,2,10,22,8,1,1,0,6
PG,ME,5.07,41,50,9,4,3,4,3,37,3,1,0,1,4
PG,ECE,8.83,65,99,8,8,2,0,0,4,2,3,1,0,2
UG,CS,5.42,74,34,1,5,6,8,5,2,4,3,0,0,6
UG,Civil,7.27,93,62,7,7,1,3,1,11,9,0,1,1,4
PG,CS,5.45,63,76,8,7,1,6,1,12,10,1,0,1,0
UG,Civil,5.48,44,70,9,7,1,0,1,6,3,1,0,1,4
PG,IT,6.45,74,58,6,4,0,0,8,20,0,0,0,0,6
PG,IT,6.79,68,49,2,4,6,7,1,22,0,1,0,0,6
UG,ME,9.67,93,46,2,10,5,2,7,36,1,3,0,1,4
UG,Civil,9.89,63,40,10,9,0,6,2,15,7,5,1,0,2
UG,IT,7.24,89,72,3,0,8,5,7,26,3,0,1,0,1
UG,Civil,8.55,77,32,3,5,6,0,6,0,4,5,0,1,4
UG,Civil,7.92,84,55,8,9,5,6,9,30,7,2,0,0,2
UG,ECE,5.63,56,43,7,3,9,7,5,26,8,2,1,1,6
UG,IT,7.72,57,66,9,8,2,7,3,21,2,5,0,1,2
UG,ME,5.02,50,60,0,6,3,6,2,11,10,4,0,0,4
PG,Civil,9.4,82,55,1,3,3,3,5,37,6,2,1,0,4
UG,IT,7.33,95,95,10,7,10,4,1,13,5,1,0,0,0
UG,ECE,9.73,83,96,4,6,7,10,6,24,4,1,0,0,6
PG,EEE,5.68,61,50,3,1,6,4,3,27,7,0,0,0,4
PG,Civil,7.83,60,87,1,0,7,2,0,16,10,1,1,1,3
UG,ECE,5.05,51,41,1,1,6,0,6,29,0,5,1,0,6
UG,CS,5.45,66,53,5,1,7,10,5,23,0,1,1,1,6
PG,EEE,6.05,67,52,4,1,10,5,9,34,3,4,1,1,4
UG,IT,7.42,53,53,7,9,5,4,7,3,10,3,0,0,6
UG,Civil,9.02,69,92,9,8,4,1,6,39,6,5,0,1,0
UG,ME,5.24,92,33,9,1,8,6,5,27,4,2,1,0,1
UG,ME,6.92,97,49,2,10,7,2,6,6,6,4,0,1,4
PG,ECE,6.11,58,87,8,2,1,8,9,24,3,5,1,0,3
UG,EEE,7.32,94,56,7,9,3,2,2,27,4,2,0,1,4
UG,IT,6.08,49,59,5,2,4,8,1,10,1,3,1,1,6
PG,Civil,5.49,79,31,8,1,0,9,1,7,4,5,1,0,4
UG,Civil,9.22,83,48,10,0,10,3,0,39,4,0,1,1,1
PG,Civil,9.83,73,38,7,6,2,1,6,14,4,5,1,1,4
UG,CS,9.41,99,91,6,7,1,5,10,7,6,2,0,0,6
PG,EEE,5.82,47,83,4,10,7,1,0,32,3,5,1,0,3
PG,EEE,6.39,99,50,9,4,4,9,5,12,0,3,0,0,4
UG,Civil,5.41,49,96,10,9,8,0,0,24,10,5,1,1,0
PG,EEE,7.54,65,85,7,0,7,5,3,29,7,2,0,1,4
UG,EEE,8.25,82,97,3,6,5,10,7,32,9,4,1,0,3
UG,ME,5.88,46,84,6,9,9,7,8,40,1,4,0,0,4
UG,CS,6.05,64,53,0,1,1,10,7,14,0,3,1,1,6
UG,Civil,8.08,62,43,10,8,6,4,4,4,10,0,0,0,2
PG,EEE,9.46,46,67,2,6,4,6,1,21,7,0,1,0,3
PG,CS,8.17,56,71,10,7,6,9,0,28,1,3,1,0,3
UG,ME,8.3,95,37,5,5,4,8,3,25,6,0,0,0,4
UG,IT,6.56,87,41,8,6,1,5,9,34,1,5,1,1,6
PG,EEE,5.51,44,45,7,8,9,3,5,30,10,1,1,0,4
UG,EEE,7.58,67,99,10,3,4,6,8,28,5,5,1,1,0
UG,IT,6.26,59,80,6,4,1,1,10,39,0,2,1,1,3
UG,EEE,9.21,46,91,6,7,6,5,8,2,10,5,1,1,3
PG,ECE,9.91,83,59,0,10,9,2,3,17,10,2,1,0,1
UG,IT,9.73,62,61,9,10,5,5,10,40,1,3,0,0,2
UG,ECE,5.59,93,69,2,2,1,4,2,18,5,1,1,1,3
PG,IT,9.18,88,41,9,6,6,0,0,35,4,4,1,1,5
PG,CS,7.06,46,53,10,8,2,3,3,27,8,4,0,0,2
PG,IT,8.42,78,41,1,6,10,1,6,14,8,2,1,0,1
PG,Civil,8.14,68,95,6,4,0,4,2,6,5,4,0,1,4
PG,EEE,6.16,50,99,9,6,8,6,2,5,10,4,0,0,0
PG,IT,8.57,43,87,5,0,8,4,6,8,8,0,0,0,6
UG,IT,7.51,57,39,10,0,0,4,3,0,3,2,1,0,6
UG,Civil,8.57,66,46,6,3,4,9,4,16,5,4,0,1,4
UG,ECE,7.88,44,33,3,5,3,4,5,36,6,0,1,0,6
PG,IT,7.75,72,43,7,3,0,4,7,19,7,2,0,0,6
PG,IT,9.71,54,51,0,10,0,4,9,12,10,0,1,1,6
UG,IT,6.51,86,92,0,2,10,0,7,20,8,3,1,0,1
UG,ECE,7.6,73,99,3,7,10,6,6,26,9,0,0,0,1
PG,CS,5.18,45,79,5,8,7,8,9,7,2,5,0,1,6
PG,Civil,7.43,81,94,3,9,5,10,9,38,6,2,1,1,3
UG,EEE,7.75,52,47,8,9,7,7,8,30,6,4,0,1,2
UG,ME,7.25,77,44,2,10,5,2,7,10,3,3,1,1,4
PG,Civil,8.43,89,44,1,1,3,8,7,1,7,3,1,0,4
UG,Civil,6.26,77,71,4,10,0,1,7,0,2,1,0,1,4
UG,EEE,8.98,60,97,5,3,1,0,0,23,3,4,0,1,4
UG,CS,9.15,94,53,7,5,9,1,5,0,0,2,0,0,1
UG,Civil,6.55,76,87,5,6,9,10,2,9,10,1,1,1,1
UG,CS,8.39,69,61,9,9,2,0,7,1,0,5,1,0,2
UG,EEE,5.02,66,38,5,1,0,0,8,19,4,2,1,1,4
UG,ME,9.52,43,38,8,5,1,9,10,38,8,5,0,1,4
PG,ME,7.19,46,98,0,2,4,6,2,36,0,1,1,1,3
PG,ECE,5.09,72,95,3,1,10,8,9,23,7,3,0,1,1
UG,Civil,8.54,52,47,10,7,1,0,9,18,8,3,0,0,4
UG,ECE,9.27,49,94,9,4,8,2,8,4,8,1,1,1,0
UG,CS,6.52,46,85,6,8,10,8,5,33,8,3,0,0,6
UG,EEE,7.99,99,99,4,1,8,9,3,35,4,1,1,1,1
UG,Civil,7.56,43,91,5,2,7,5,9,36,1,1,1,0,3
UG,EEE,6.78,78,50,0,3,3,9,6,40,1,3,1,1,4
PG,Civil,7.82,78,90,9,5,3,0,0,4,0,3,0,0,4
PG,IT,6.56,82,46,0,1,10,9,2,30,0,0,1,1,1
PG,IT,6.67,98,79,4,5,0,10,3,8,1,4,0,1,6
PG,ME,7.68,97,54,2,8,5,6,9,33,10,1,1,1,4
UG,EEE,6.08,41,95,9,0,4,7,1,12,4,3,1,1,3
PG,EEE,9.52,89,48,5,10,10,4,10,19,3,4,1,0,1
UG,ECE,8.6,73,55,8,2,9,6,3,5,3,1,0,1,1
UG,ECE,6.93,58,80,0,5,10,8,7,10,6,1,1,1,3
PG,IT,9.36,70,55,9,8,3,6,8,1,1,0,1,0,2
UG,CS,7.52,52,60,4,5,1,7,10,40,1,5,1,1,6
UG,ECE,8.84,67,66,8,0,8,9,6,3,2,5,1,0,3
PG,EEE,9.66,77,41,0,2,1,10,8,2,1,3,0,1,4
PG,Civil,7.46,93,60,9,7,9,9,1,29,8,4,0,1,1
PG,Civil,5.19,70,32,2,5,0,3,0,13,2,0,1,1,4
UG,Civil,7.08,76,40,3,2,4,10,3,7,3,2,1,1,4
PG,ME,5.49,69,73,10,4,3,3,3,10,8,3,1,0,3
UG,CS,8.49,65,68,9,2,7,2,0,12,9,3,0,1,6
PG,IT,7.49,61,87,8,0,3,0,0,23,10,1,0,1,0
PG,IT,9.54,91,32,3,10,4,0,10,32,10,3,0,1,6
UG,IT,6.49,62,74,6,3,9,5,7,10,8,3,1,1,3
UG,EEE,5.19,41,51,3,0,7,8,8,33,8,4,0,0,4
PG,CS,7.35,55,77,3,0,5,2,5,13,3,1,0,0,6
PG,CS,7.28,49,78,6,0,10,8,10,10,0,4,0,0,6
UG,EEE,6.75,68,44,2,4,6,3,4,2,8,1,0,0,4
UG,IT,8.03,62,52,10,4,8,10,2,16,5,3,0,1,6
PG,ECE,9.8,48,42,7,6,10,3,0,23,3,2,1,0,6
PG,EEE,6.42,59,41,1,4,3,8,4,24,10,0,1,1,4
PG,EEE,9.66,64,78,0,0,8,10,7,4,4,0,0,0,4
UG,ME,7.42,93,79,0,1,0,9,9,24,9,3,1,1,3
PG,ECE,8.17,86,84,2,7,1,1,10,9,2,0,1,1,3
UG,Civil,5.1,53,92,4,9,0,3,0,25,0,3,0,0,4
PG,ME,7.42,99,48,7,7,10,10,5,14,9,0,0,1,1
UG,ECE,7.41,67,94,0,9,4,1,5,38,0,5,1,1,3
PG,CS,6.01,83,83,3,6,9,8,9,9,6,3,1,0,1
PG,IT,9.59,89,72,4,3,4,7,3,8,6,1,0,1,6
PG,IT,5.57,84,90,7,5,7,2,9,25,0,5,0,0,6
PG,Civil,6.62,82,99,6,6,5,9,10,8,6,0,0,1,4
PG,IT,9.73,72,50,3,1,8,2,7,31,5,5,0,0,1
UG,ECE,8.09,91,57,4,5,1,2,10,14,5,3,0,0,6
UG,Civil,8.69,77,55,1,6,2,8,10,5,9,4,0,0,4
UG,Civil,9.43,58,50,10,9,2,7,9,27,7,1,1,1,2
PG,Civil,7.51,56,97,10,3,9,8,2,1,8,0,0,1,0
UG,Civil,8.03,74,56,8,1,5,0,6,2,6,3,0,0,4
PG,IT,8.83,47,67,1,2,7,9,6,9,5,5,0,0,5
PG,ECE,6.47,44,60,3,9,6,7,1,22,7,5,1,0,6
PG,EEE,8.06,50,98,8,0,3,6,10,14,10,3,0,1,0
UG,Civil,9.48,63,33,0,7,1,10,0,28,6,3,1,0,4
UG,ECE,9.44,67,89,8,2,5,6,9,24,1,5,1,1,3
UG,ME,5.6,89,53,10,4,5,10,6,14,9,0,1,1,4
UG,Civil,9.27,40,79,5,10,9,10,0,35,7,1,1,0,3
UG,EEE,7.22,50,99,0,5,5,5,7,30,5,4,0,0,4
UG,IT,6.93,53,76,9,4,9,3,1,6,9,1,1,0,0
UG,EEE,6.51,99,42,0,0,0,5,8,25,10,3,0,0,4
UG,Civil,6.04,69,86,0,7,0,7,0,11,4,5,0,0,4
PG,CS,7.46,71,32,0,2,10,1,1,8,7,0,1,1,1
UG,ME,6.37,56,78,3,1,2,10,8,3,0,1,0,1,4
PG,EEE,7.21,72,40,6,3,5,7,5,15,1,0,1,1,4
PG,IT,9.34,51,46,8,2,10,5,9,30,10,3,1,0,6
UG,IT,6.08,80,82,4,9,6,3,10,24,10,3,1,1,3
UG,ME,8.47,56,59,2,8,5,5,4,26,4,5,0,0,4
PG,EEE,7.48,55,55,8,3,2,9,0,25,5,1,0,1,4
PG,ME,6.35,83,72,4,1,0,7,5,20,8,4,0,0,4
UG,CS,5.53,98,31,9,7,10,9,8,16,6,2,1,1,1
UG,CS,6.25,46,38,2,5,7,5,1,22,1,1,1,0,6
UG,CS,6.41,53,40,0,6,4,10,2,16,10,1,1,0,6
PG,EEE,6.25,89,41,6,5,5,4,10,35,10,3,0,1,4
UG,EEE,6.66,96,46,6,9,3,6,0,20,2,4,1,1,4
UG,Civil,9.32,42,73,9,7,4,3,9,27,4,3,0,0,4
UG,Civil,6.84,56,96,9,9,7,6,1,0,2,4,1,0,2
PG,Civil,9.09,40,32,2,4,2,8,0,35,9,1,1,0,4
PG,Civil,5.67,66,62,5,2,6,4,8,22,3,4,0,0,4
PG,IT,5.98,65,70,9,2,5,7,10,40,6,3,0,0,6
UG,CS,9.8,93,48,0,5,0,8,10,13,0,4,1,0,5
UG,ME,9.17,90,68,0,0,4,5,8,32,3,1,1,1,3
PG,CS,7.72,52,32,10,1,3,1,0,27,2,4,1,0,6
UG,Civil,8.39,72,98,7,2,6,7,5,22,1,4,0,0,4
UG,Civil,9.25,67,81,3,1,4,0,8,4,5,1,1,1,3
PG,EEE,8.41,78,83,9,0,0,7,3,15,4,4,0,1,4
UG,ECE,5.56,62,91,3,9,0,9,8,2,2,1,0,1,6
PG,Civil,7.8,63,32,1,0,1,7,8,12,1,4,0,0,4
UG,ME,6.12,50,62,4,6,3,7,9,36,8,0,0,0,4
UG,EEE,5.31,85,49,9,8,9,5,0,24,5,3,1,1,1
PG,IT,8.52,90,55,7,3,7,0,4,32,10,4,1,1,5
PG,Civil,7.87,71,66,6,0,6,10,7,7,8,5,1,1,3
PG,Civil,5.47,91,85,0,9,3,10,10,15,10,3,0,1,4
PG,ME,6.86,61,38,8,8,10,0,8,7,1,4,0,0,2
PG,ECE,5.37,45,70,6,4,10,1,0,17,0,2,1,0,3
PG,Civil,6.87,97,54,9,4,6,7,2,17,1,4,0,0,4
UG,EEE,9.57,96,45,5,8,6,10,4,24,5,5,0,1,4
UG,Civil,7.24,55,46,4,10,8,7,7,4,8,2,0,0,4
UG,CS,7.57,89,85,8,8,1,1,6,26,3,4,0,1,2
PG,ECE,6.63,42,98,2,6,6,1,6,26,5,1,0,0,6
UG,EEE,6.66,73,84,4,5,0,6,5,35,0,0,1,1,3
UG,Civil,8.9,89,72,7,10,0,0,3,12,8,2,1,0,3
PG,ECE,8.63,44,98,0,8,5,8,2,15,4,1,1,1,3
UG,CS,7.08,52,61,7,10,1,7,3,25,9,0,0,0,6
PG,IT,5.37,62,32,2,6,3,2,7,2,6,1,0,0,6
UG,ECE,6.56,77,69,0,9,8,2,2,35,10,0,0,0,1
UG,ME,7.07,65,65,0,3,0,4,4,13,10,5,1,1,4
PG,ECE,8.98,58,76,5,3,2,8,4,12,6,3,1,1,3
PG,Civil,7.91,70,66,6,10,5,9,1,12,2,1,1,0,3
PG,ME,5.89,71,51,1,7,5,6,10,16,6,2,0,1,4
UG,ME,7.64,43,38,9,1,5,4,4,25,10,2,1,1,4
PG,ECE,5.39,87,73,4,7,9,7,2,31,1,0,1,0,1
PG,IT,5.23,41,71,0,3,8,8,3,40,5,0,1,0,3
UG,CS,8.35,64,90,1,5,1,3,7,12,6,2,1,0,3
PG,ME,8.3,56,79,5,6,2,8,6,28,5,0,0,1,4
UG,ME,9.62,74,75,2,9,1,5,7,35,8,3,1,0,3
UG,ECE,9.72,85,52,2,5,4,0,10,18,0,3,1,0,6
UG,ME,9.67,80,57,5,5,6,8,6,32,7,4,0,1,4
PG,CS,6.58,51,98,4,1,10,2,9,38,0,2,1,1,3
UG,Civil,7.16,95,60,4,10,1,0,6,31,1,0,1,0,4
PG,IT,8.58,93,64,10,8,3,8,3,30,3,5,1,0,2
PG,ME,5.79,40,32,4,5,0,8,2,12,2,2,1,1,4
PG,CS,9.1,90,83,1,6,3,8,9,40,6,3,1,0,3
UG,EEE,7.48,41,84,7,8,10,10,6,30,9,4,1,1,3
PG,EEE,7.01,67,61,9,1,1,3,8,6,1,2,0,0,4
PG,IT,6.64,56,95,1,3,5,3,8,5,5,1,0,1,6
UG,CS,7.75,67,60,5,2,10,1,4,40,10,2,1,0,6
UG,EEE,7.45,67,38,4,3,2,9,0,18,6,4,0,1,4
UG,ME,5.22,68,54,6,6,10,7,5,10,2,0,0,0,4
UG,ME,8.05,48,58,9,6,10,3,5,32,6,3,0,1,4
PG,ME,5.19,94,80,0,3,2,0,1,26,4,0,1,1,3
UG,Civil,8.64,62,35,0,6,2,5,7,22,9,5,0,0,4
PG,EEE,5.82,88,85,9,6,2,1,3,18,6,1,0,0,0
UG,CS,5.29,42,95,6,10,9,6,3,28,7,3,0,1,6
UG,IT,9.49,83,34,6,9,2,9,4,26,2,4,1,0,5
PG,EEE,9.53,82,36,0,8,8,4,8,12,5,4,0,0,1
UG,Civil,8.44,47,61,3,9,2,5,7,28,8,5,1,0,4
PG,Civil,6.37,41,79,8,1,1,2,2,3,6,0,1,1,0
UG,ECE,8.68,57,40,0,9,7,8,6,19,1,2,1,0,6
UG,IT,8.36,88,42,3,2,5,6,7,1,5,5,1,1,6
PG,CS,9.47,49,52,2,3,9,8,3,33,4,3,0,0,6
UG,CS,7.62,45,40,1,2,9,8,8,20,2,1,1,0,6
UG,IT,9.06,66,41,6,0,0,9,1,25,2,3,0,1,6
UG,IT,9.03,70,64,0,7,10,5,8,18,8,0,1,0,6
PG,ME,8.47,52,30,2,5,7,3,4,24,5,3,0,0,4
PG,CS,5.61,43,76,10,4,4,7,8,1,10,0,1,0,0
UG,EEE,6.05,62,63,0,9,1,6,8,21,9,1,1,0,4
UG,CS,7.66,81,86,6,10,0,8,1,35,8,3,1,0,3
UG,IT,9.75,70,99,9,3,5,5,3,28,5,1,0,1,0
PG,CS,9.53,91,89,0,3,10,9,9,11,8,2,1,1,1
UG,ECE,8.02,90,86,9,3,1,9,4,13,9,5,0,1,0
PG,IT,8.32,61,97,2,1,6,8,2,15,5,0,1,1,3
PG,ME,9.95,60,40,6,8,3,8,10,25,8,4,1,0,4
UG,CS,7.6,51,31,5,4,4,3,5,4,10,3,0,0,6
PG,ECE,8.45,66,39,9,9,2,9,5,4,9,5,0,0,2
PG,EEE,9.61,86,88,2,1,3,7,10,31,7,2,1,0,3
UG,ME,8.56,75,99,10,10,4,2,1,24,0,0,0,0,2
UG,IT,5.46,93,84,2,2,10,0,3,27,1,1,1,0,1
PG,Civil,6.49,99,86,5,0,7,0,2,20,7,0,0,0,4
PG,IT,6.47,82,39,7,0,7,6,0,9,5,0,1,0,6
UG,IT,5.6,65,58,7,10,5,10,2,32,1,4,0,1,6
UG,Civil,8.32,85,93,0,8,1,6,9,19,6,4,0,1,4
PG,Civil,8.66,87,55,2,9,4,9,9,33,6,4,0,0,4
UG,IT,6.75,74,54,9,10,10,5,10,5,3,4,0,0,1
PG,ME,6.62,71,61,4,10,4,3,5,17,2,0,1,1,4
PG,ME,8.3,41,42,5,4,2,4,4,36,2,2,1,0,4
PG,ME,9.61,99,47,9,3,3,0,9,39,0,0,1,1,4
UG,CS,6.05,70,88,9,2,9,6,3,36,8,3,1,1,0
UG,ME,5.54,46,58,9,8,3,9,2,30,0,0,0,0,2
UG,CS,5.9,63,38,6,2,6,5,1,10,9,1,0,1,6
UG,ECE,7.55,49,49,1,3,7,4,4,11,9,2,0,1,6
UG,Civil,8.49,89,70,6,9,8,5,4,11,0,3,1,1,1
PG,CS,9.97,55,60,2,2,6,9,10,17,9,4,1,1,5
PG,EEE,9.73,99,32,6,8,10,9,10,38,8,5,1,1,1
PG,IT,7.72,76,82,7,4,3,7,6,5,4,5,0,0,6
UG,ECE,7.83,43,46,1,4,8,9,10,26,6,1,0,0,6
UG,ECE,8.76,86,35,7,6,1,4,10,8,9,0,1,1,6
PG,CS,6.59,82,70,4,5,10,8,8,23,8,3,1,1,1
PG,ME,8.13,43,67,8,0,6,5,2,0,3,5,0,0,4
UG,IT,7.69,89,59,1,9,10,10,7,34,6,2,1,0,1
PG,ME,5.85,90,41,0,5,8,2,6,5,7,2,0,1,1
UG,EEE,5.88,87,65,5,7,10,7,4,25,6,4,1,1,1
UG,ME,5.02,92,47,6,5,10,0,3,34,6,2,1,1,1
PG,ECE,5.24,99,37,10,8,2,4,3,13,9,5,0,1,2
PG,CS,6.55,90,34,0,5,10,4,7,24,7,3,1,0,1
UG,EEE,7.25,66,91,10,4,8,8,9,32,7,5,0,1,0
PG,CS,6.39,54,78,2,6,8,7,7,14,8,1,0,1,6
UG,IT,9.78,47,74,7,0,5,6,10,29,4,2,0,1,6
PG,CS,9.82,94,73,1,3,7,10,9,21,0,1,0,0,6
UG,IT,9.78,61,74,8,7,3,10,4,6,7,4,0,1,5
PG,Civil,9.67,75,90,7,0,7,4,10,0,3,1,1,1,3
UG,EEE,7.78,46,94,8,2,2,5,9,28,10,2,1,0,0
PG,ME,5.58,99,51,7,0,4,2,1,10,7,1,0,0,4
UG,ECE,5.74,96,50,1,2,3,4,2,11,6,4,0,1,6
PG,EEE,5.54,81,37,8,10,3,4,4,39,8,4,0,0,2
UG,Civil,7.03,76,86,9,3,4,3,1,11,0,3,0,1,4
PG,EEE,9.02,82,36,3,5,3,6,10,20,9,3,1,0,4
PG,IT,6.78,43,56,6,8,4,3,8,6,4,1,1,0,6
UG,EEE,6.57,80,70,5,3,1,2,1,20,5,2,0,1,4
PG,ME,8.3,48,57,9,1,2,2,8,35,0,0,0,0,4
UG,Civil,9.37,80,98,2,2,2,5,3,23,10,4,0,0,4
PG,IT,7.65,48,46,5,0,2,9,4,30,9,5,1,1,6
UG,ME,7.26,61,44,10,8,7,8,9,19,8,4,0,0,2
PG,ECE,7.86,58,91,7,5,9,10,4,0,10,3,0,0,6
UG,IT,9.24,91,89,1,8,9,6,7,18,5,1,1,0,1
PG,ECE,5.17,84,64,10,2,2,9,10,14,10,1,0,1,6
UG,EEE,7.13,76,33,8,8,0,1,7,36,6,0,1,1,2
UG,ECE,6.07,50,73,2,9,1,1,8,3,3,1,1,1,3
UG,CS,9.4,74,35,2,10,4,3,2,7,9,2,1,0,6
PG,EEE,5.89,62,75,2,9,9,3,6,1,2,1,0,1,4
UG,EEE,5.74,58,49,10,10,0,5,1,27,2,3,1,1,2
UG,ME,6.55,78,63,0,9,7,0,1,27,9,5,0,1,4
PG,ME,9.81,83,39,5,5,8,0,5,36,10,5,1,0,1
PG,EEE,8.62,73,89,1,9,4,2,9,18,7,0,1,0,3
UG,EEE,6.29,87,65,0,7,4,1,0,29,2,0,0,1,4
UG,EEE,6.07,97,89,10,10,7,9,7,19,7,0,0,1,0
PG,ECE,6.96,96,72,7,4,2,6,1,11,8,3,1,0,3
PG,Civil,7.4,96,76,2,1,4,5,0,13,10,5,1,0,3
UG,ME,6.15,95,92,8,5,6,4,8,25,10,5,0,0,0
PG,IT,5.13,60,75,8,0,4,6,10,21,6,5,0,1,6
UG,Civil,9.87,48,75,7,9,3,3,9,28,2,4,1,0,3
PG,ECE,5.92,74,87,4,0,5,9,3,19,7,1,1,0,3
PG,CS,7.42,97,73,7,5,6,1,5,7,7,3,1,1,3
PG,ECE,8.84,79,63,6,6,10,0,0,19,4,3,0,1,1
UG,Civil,7.3,78,53,5,5,7,7,6,37,9,2,1,0,4
UG,IT,7.67,63,82,2,7,10,5,1,38,6,4,0,1,6
UG,CS,9.6,88,70,3,1,3,8,1,35,1,4,0,1,5
PG,IT,8.29,96,61,4,9,4,0,5,12,6,0,0,1,6
PG,IT,7.41,85,37,6,4,2,8,6,25,7,5,1,1,6
PG,Civil,5.06,53,92,7,2,6,1,2,12,1,4,0,0,4
PG,Civil,7.8,50,88,9,0,9,8,0,32,9,5,1,1,0
UG,ME,7.14,43,85,3,1,10,7,6,8,8,5,0,0,4
PG,CS,7.64,51,86,1,10,3,3,1,13,7,3,0,1,6
UG,ME,9.93,41,84,7,7,5,9,7,30,0,0,0,1,4
PG,IT,8.02,52,48,8,10,4,8,8,37,10,0,1,0,2
UG,ECE,7.96,64,52,10,3,6,1,5,37,1,5,1,1,6
PG,Civil,5.31,47,63,3,8,2,5,6,39,6,2,1,0,4
UG,EEE,9.65,67,91,6,7,1,6,5,36,3,1,1,1,3
PG,IT,9.26,89,44,10,8,10,9,4,24,8,4,0,0,1
PG,ME,7.66,87,67,5,10,6,0,3,28,0,5,1,0,3
UG,Civil,7.15,80,36,7,10,8,8,7,15,9,2,0,1,1
PG,CS,6.87,70,80,1,4,0,2,0,28,2,4,1,0,3
UG,IT,8.12,51,82,4,0,7,3,9,31,4,1,0,1,6
UG,ECE,8.62,96,63,5,0,0,8,3,8,10,4,0,0,5
UG,ECE,6.43,53,46,8,2,0,0,10,5,10,5,0,1,6
PG,ECE,5.19,62,39,2,2,2,6,3,19,2,1,0,0,6
UG,ME,7.54,95,67,6,6,1,3,9,25,5,2,0,0,4
UG,CS,7.27,84,79,5,0,5,9,0,31,7,4,1,1,3
PG,ME,6.28,83,38,2,5,9,4,3,25,1,1,1,0,1
PG,ME,5.56,93,69,6,0,4,1,5,22,6,2,0,0,4
PG,ME,9.26,67,45,7,6,5,1,5,12,10,0,0,1,4
UG,IT,6.33,68,66,10,5,2,7,6,33,6,0,0,0,6
UG,Civil,6.69,71,74,1,2,0,9,4,12,5,4,1,1,3
UG,EEE,5.21,63,47,4,5,9,7,7,20,8,3,1,0,4
PG,ECE,5.43,62,51,3,1,7,5,2,38,9,5,1,1,6
PG,IT,9.65,84,94,5,4,8,6,1,28,6,2,1,0,1
UG,ME,8.12,63,91,2,10,7,6,1,29,0,4,1,0,3
UG,EEE,9.47,50,39,10,9,7,6,3,16,0,3,0,1,2
UG,Civil,7.6,91,39,0,10,9,6,1,28,10,1,1,1,1
UG,ECE,7.67,81,98,9,1,4,7,5,2,7,5,0,0,0
PG,ME,7.05,41,71,1,9,3,0,3,10,9,4,0,0,4
UG,EEE,6.2,73,99,1,2,7,0,2,28,9,0,0,0,4
PG,ECE,6.74,84,82,3,6,4,7,10,16,4,3,0,0,6
PG,EEE,6.16,90,77,7,2,0,8,8,25,0,1,0,1,4
PG,ME,9.96,52,98,8,0,8,3,3,9,8,5,1,0,0
PG,EEE,9.14,91,77,2,0,9,6,3,13,7,5,0,0,1
UG,Civil,5.38,89,96,5,2,2,5,4,9,8,0,0,1,4
UG,Civil,7.01,71,53,2,2,5,7,5,34,3,0,0,1,4
PG,EEE,9.11,82,48,10,10,5,10,8,24,9,2,0,1,2
UG,Civil,9.64,87,96,9,7,10,7,5,19,10,3,0,0,0
PG,ME,7.07,89,42,5,2,5,4,1,30,4,4,1,0,4
UG,Civil,9.16,99,52,2,9,3,5,2,26,8,5,1,0,4
PG,Civil,8.86,98,32,9,7,0,2,10,4,4,1,1,1,4
PG,IT,6.55,44,36,6,4,7,8,3,35,7,0,0,1,6
PG,ECE,5.4,68,67,4,8,9,8,3,28,3,3,1,1,3
UG,Civil,8.13,89,42,1,0,4,5,8,4,5,5,0,1,4
UG,IT,5.44,72,65,0,4,10,10,7,36,9,1,1,1,1
PG,Civil,5.82,82,97,4,5,10,0,8,23,4,2,1,0,1
PG,CS,6.85,98,74,10,3,1,10,5,15,1,4,1,0,3
UG,EEE,5.91,56,99,2,6,1,5,7,14,0,2,0,0,4
PG,IT,5.69,76,34,4,5,1,5,10,3,7,4,0,0,6
PG,Civil,7.36,42,77,10,10,3,0,8,15,2,2,1,1,2
PG,ME,9.38,40,57,4,9,8,10,5,7,9,0,1,0,4
UG,EEE,5.57,64,67,4,7,7,2,1,1,4,1,1,1,3
PG,ECE,8.9,79,71,7,7,9,10,2,26,1,4,1,0,1
UG,CS,5.06,66,38,6,6,0,6,9,6,3,2,0,1,6
PG,EEE,6.7,60,82,4,6,8,10,7,21,6,0,1,0,3
PG,IT,7.7,43,52,2,9,2,10,2,27,0,1,0,1,6
UG,CS,5.48,88,50,3,4,6,5,8,19,0,0,1,0,6
PG,Civil,7.34,68,42,2,1,5,5,6,4,7,1,0,1,4
PG,ECE,7.01,69,54,4,10,4,9,3,33,4,1,1,0,6
UG,IT,6.77,96,83,0,5,4,3,5,5,1,5,1,0,3
PG,IT,9.86,52,76,8,9,1,4,3,35,7,5,1,1,0
UG,ME,5.94,99,89,9,8,4,10,0,32,1,1,1,0,2
PG,IT,7.24,43,97,9,3,0,8,2,3,4,4,0,0,6
UG,ME,6.58,76,77,0,6,5,10,4,15,6,2,0,0,4
UG,ECE,6.87,97,76,2,7,9,8,2,22,0,5,0,1,1
UG,Civil,5.5,79,49,7,4,5,10,4,38,5,1,0,0,4
PG,CS,7.32,79,83,0,4,5,6,1,0,5,2,0,1,6
PG,IT,7.72,52,77,1,0,0,10,3,9,1,0,1,1,3
UG,EEE,6.27,52,73,6,10,5,4,9,27,1,4,0,0,4
UG,Civil,8.65,97,81,2,10,0,2,10,8,8,2,0,0,4
UG,ECE,6.05,46,73,1,4,6,6,5,25,9,3,1,0,3
UG,Civil,5.58,42,47,1,1,4,0,9,19,9,4,1,0,4
UG,ECE,9.41,59,37,0,4,10,9,0,25,9,3,1,0,6
PG,Civil,9.12,89,30,10,6,1,0,5,21,9,1,0,0,4
PG,ME,6.26,74,87,4,5,2,8,10,20,1,1,1,1,3
UG,ME,5.9,93,97,5,7,7,9,1,39,5,1,0,1,4
PG,EEE,6.31,85,59,9,4,9,7,10,12,8,3,0,1,1
UG,ME,5.85,73,90,8,4,1,3,2,38,9,0,0,1,0
UG,IT,7.02,94,56,0,1,0,4,5,25,8,3,0,1,6
UG,IT,5.36,87,42,4,2,2,2,5,16,10,3,0,1,6
UG,ECE,5.79,76,95,1,10,6,9,2,4,2,5,0,1,6
UG,ME,7.19,89,64,7,7,0,7,9,1,6,5,1,0,4
PG,EEE,7.08,74,58,6,4,4,6,0,7,9,4,1,1,4
PG,EEE,6.87,92,68,9,2,1,5,4,8,9,3,0,0,4
UG,IT,5.2,61,71,10,0,5,2,2,5,2,4,0,1,6
PG,CS,7.12,75,31,10,6,3,1,6,12,0,3,0,1,6
PG,ME,9.1,52,32,9,9,1,2,0,25,7,0,0,1,2
UG,CS,8.3,86,79,4,9,2,2,7,3,3,2,0,0,6
UG,ME,9.05,72,36,4,3,3,7,10,26,5,5,1,0,4
PG,ECE,9.33,63,90,1,5,8,0,5,39,9,4,1,0,3
PG,ECE,5.09,90,65,6,3,8,10,9,4,7,5,0,1,1
PG,EEE,6.68,79,86,9,5,3,10,2,36,5,2,1,1,0
UG,CS,8.43,76,32,7,5,3,8,4,15,9,5,1,0,6
UG,ME,8.21,80,66,1,3,1,2,9,2,3,5,1,0,3
UG,Civil,6.21,40,46,8,8,4,8,10,8,6,0,0,1,2
UG,CS,6.78,47,84,5,4,3,6,2,7,1,0,0,1,6
UG,EEE,5.88,98,48,6,1,7,6,4,35,0,4,1,0,4
UG,EEE,8.48,84,79,3,8,3,4,10,7,0,0,0,0,4
UG,ECE,8.81,71,95,8,3,5,0,8,4,2,3,0,1,6
PG,IT,8.88,63,33,1,8,3,8,9,34,6,1,0,1,6
UG,CS,5.08,96,65,7,1,7,10,9,36,6,3,0,0,6
PG,ME,7.51,81,45,2,3,2,1,9,15,0,1,1,0,4
PG,ECE,9.48,40,34,9,5,4,3,0,15,6,0,1,1,6
UG,CS,9.06,90,87,3,9,4,0,4,16,8,2,0,1,6
UG,Civil,5.22,48,55,4,6,5,4,1,7,6,5,0,0,4
PG,IT,6.83,80,35,3,9,6,8,4,13,4,4,0,1,6
UG,ECE,8.84,97,47,8,2,5,5,1,12,6,0,1,1,6
UG,ECE,8.89,63,95,0,7,1,5,5,4,7,2,1,0,3
UG,ECE,9.46,91,68,6,7,1,10,1,15,3,4,1,0,3
PG,IT,8.4,67,65,8,2,4,9,8,31,5,2,1,0,6
PG,Civil,5.0,55,91,3,7,6,0,5,7,2,5,0,1,4
UG,Civil,9.69,61,46,10,1,4,0,7,32,8,1,0,0,4
UG,ECE,7.89,73,30,8,3,0,0,6,17,6,3,0,0,6
UG,Civil,5.54,69,74,6,0,7,7,3,12,7,3,0,1,4
UG,IT,6.65,93,63,1,1,8,9,2,25,3,1,1,1,1
UG,EEE,6.75,97,90,6,4,8,3,2,17,0,2,1,1,1
UG,EEE,7.75,77,57,4,1,6,1,4,10,9,2,0,1,4
PG,ECE,9.66,80,66,6,3,1,2,1,21,6,2,1,1,3
UG,ME,8.02,67,83,6,0,2,5,2,31,6,0,0,1,4
PG,IT,9.74,86,58,5,0,0,7,8,36,7,3,1,0,6
UG,IT,9.57,66,60,8,5,0,2,3,10,5,3,0,1,6
UG,EEE,7.45,73,40,10,7,5,7,5,20,9,1,0,1,4
UG,IT,9.68,99,63,10,8,6,10,5,31,8,4,0,0,2
UG,CS,9.39,84,55,2,10,4,0,3,29,7,5,0,0,5
PG,Civil,5.7,42,75,9,7,10,10,7,34,6,3,0,1,4
PG,CS,9.46,52,80,4,6,4,3,7,35,1,1,0,1,6
UG,IT,8.88,73,46,4,8,1,6,4,7,10,4,0,1,5
PG,IT,8.41,52,49,1,2,6,2,4,5,3,5,0,0,6
UG,EEE,7.62,73,56,6,2,0,1,9,15,8,3,0,1,4
PG,EEE,7.49,53,83,5,0,1,3,2,16,7,3,1,1,3
PG,EEE,7.43,66,81,0,9,0,0,0,35,0,1,1,0,3
UG,IT,8.09,52,52,8,5,3,5,3,22,8,2,0,1,6
PG,IT,5.84,56,74,2,6,10,8,1,38,0,1,1,1,3
UG,EEE,9.58,60,69,10,1,0,6,5,12,7,1,1,1,3
PG,CS,8.0,67,93,6,1,7,8,6,35,8,3,1,1,3
PG,ECE,8.13,63,75,7,7,6,9,5,7,6,4,1,0,3
PG,IT,8.12,53,61,1,10,7,8,3,3,4,1,0,0,6
UG,IT,7.39,87,81,7,7,4,5,2,16,8,0,0,1,6
UG,ME,9.05,57,41,2,5,10,7,0,14,0,1,1,1,4
UG,ECE,7.29,41,99,2,4,1,6,9,10,7,5,1,1,3
UG,EEE,8.4,78,46,6,5,7,6,3,34,2,3,1,0,4
UG,IT,7.11,52,47,4,0,3,1,7,20,10,3,0,0,6
UG,IT,8.81,58,52,2,1,2,10,2,39,3,2,1,1,6
PG,CS,5.8,80,40,6,7,4,3,6,37,7,1,1,0,6
UG,IT,9.88,68,67,4,3,0,1,6,2,4,4,0,1,5
UG,EEE,5.09,68,31,8,0,10,1,0,19,3,4,0,1,4
UG,Civil,9.3,98,35,2,1,7,0,8,26,6,3,1,0,4
UG,ECE,7.53,82,65,2,5,8,8,3,9,4,2,0,0,1
UG,Civil,5.1,89,53,4,9,1,8,1,29,5,5,0,0,4
PG,EEE,5.42,75,42,6,0,0,10,5,19,2,3,0,0,4
UG,CS,6.99,97,41,10,9,2,4,9,4,8,2,1,1,2
UG,CS,7.92,88,50,0,5,9,9,6,16,9,3,0,0,1
PG,ME,9.96,47,98,5,6,3,5,6,10,5,2,0,0,4
UG,ECE,8.39,41,82,2,6,3,0,5,37,6,2,1,0,3
PG,ME,5.64,45,95,8,1,2,9,1,8,0,4,1,0,3
UG,CS,6.95,79,53,1,7,4,0,6,12,5,4,0,1,6
UG,EEE,9.78,88,89,6,9,9,0,8,14,3,4,1,1,1
UG,ME,8.07,52,53,1,2,8,1,5,11,3,5,1,1,4
PG,EEE,8.7,80,86,9,3,0,1,7,13,9,5,0,1,0
UG,EEE,7.66,40,84,3,10,7,8,8,2,4,5,1,1,3
PG,ME,8.85,77,97,6,7,2,6,2,39,0,0,1,1,3
UG,EEE,7.24,67,67,4,0,5,8,2,34,1,4,1,1,3
UG,ME,8.98,41,46,2,9,5,8,10,20,2,5,0,0,4
PG,EEE,6.55,83,34,6,8,4,1,4,7,3,1,1,0,4
UG,ECE,7.53,63,53,7,7,0,5,8,33,10,1,0,1,6
UG,CS,7.95,57,69,8,6,3,0,3,3,7,3,1,0,3
UG,IT,8.49,65,52,3,10,5,2,6,37,2,3,1,1,6
UG,ME,6.03,77,88,10,6,1,3,4,3,3,2,0,1,4
PG,Civil,8.21,50,58,1,5,7,7,10,38,9,2,1,0,4
PG,Civil,9.11,97,88,5,1,7,7,10,6,10,0,1,1,3
PG,IT,7.38,64,47,6,2,6,8,9,29,9,1,1,0,6
UG,CS,5.72,77,70,8,4,4,8,7,38,7,5,0,0,6
PG,ME,9.71,79,62,6,2,1,1,7,18,2,5,0,1,4
PG,CS,6.47,67,48,10,3,8,2,0,6,6,2,0,1,6
UG,IT,8.03,95,87,7,9,9,9,1,19,4,2,1,0,1
UG,ME,5.83,73,74,5,7,6,10,0,3,2,5,0,0,4
UG,CS,6.59,99,84,4,7,6,8,9,8,6,0,0,0,6
UG,ECE,8.1,83,99,9,7,5,10,5,3,10,4,1,1,0
PG,ECE,8.82,42,91,10,4,4,5,4,37,7,1,1,0,0
UG,EEE,7.98,99,50,0,8,2,1,8,36,5,3,0,1,4
PG,Civil,8.69,59,30,9,2,4,6,8,18,6,5,1,0,4
PG,Civil,7.88,66,68,3,6,10,1,0,27,1,3,1,0,3
PG,EEE,5.95,70,67,5,8,8,3,8,14,5,1,1,1,3
PG,Civil,7.3,73,37,3,4,7,10,7,27,5,3,0,0,4
UG,ME,6.89,47,31,0,3,4,9,0,37,2,3,0,0,4
PG,IT,7.41,43,80,4,2,9,8,8,5,10,5,1,1,3
UG,EEE,8.05,41,87,3,7,9,1,8,0,1,1,0,0,4
PG,IT,9.81,93,76,6,2,10,8,4,36,10,3,1,0,1
UG,IT,9.65,75,93,1,8,2,3,6,25,7,3,0,0,6
PG,EEE,8.27,61,93,1,7,4,4,1,27,8,0,1,0,3
PG,ME,8.59,75,76,10,0,1,0,7,15,9,3,1,1,0
UG,Civil,8.44,51,48,8,1,10,4,10,33,6,2,1,0,4
PG,ECE,9.47,99,81,3,9,7,9,9,25,9,1,0,0,6
UG,IT,7.56,87,56,8,6,9,7,5,8,5,0,0,1,1
UG,CS,6.02,59,72,7,6,2,3,6,39,6,5,0,0,6
UG,CS,9.77,78,91,7,0,1,7,5,1,1,2,1,1,3
UG,IT,9.41,92,85,6,8,3,9,3,2,0,0,0,1,6
PG,Civil,5.48,44,48,6,1,2,0,7,38,10,0,1,1,4
PG,CS,8.81,65,85,8,3,3,1,9,0,9,4,1,1,0
PG,CS,6.34,63,63,10,7,0,0,3,6,8,4,1,1,6
UG,IT,5.73,89,86,2,7,10,3,2,16,4,4,1,0,1
UG,CS,8.89,81,37,7,7,2,5,6,40,4,0,1,1,6
PG,CS,8.61,49,58,0,0,9,4,2,20,0,5,1,0,5
UG,Civil,7.04,79,93,0,2,6,0,0,36,8,5,1,1,3
UG,CS,7.99,96,34,4,2,5,3,9,30,1,4,0,0,6
UG,EEE,8.53,64,71,9,8,3,10,4,9,5,4,0,0,2
UG,IT,6.69,44,69,10,0,4,9,0,38,4,0,1,1,3
UG,ME,7.05,71,40,9,6,6,1,2,15,5,2,1,1,4
UG,ECE,8.22,97,54,2,2,5,4,5,10,2,4,0,1,6
UG,IT,8.61,81,33,1,2,3,3,9,8,9,5,0,1,5
UG,EEE,6.72,84,70,5,4,2,4,2,36,4,1,1,1,3
PG,ECE,9.83,86,36,5,4,3,7,1,39,0,1,0,0,6
UG,Civil,7.75,61,49,6,6,1,1,1,13,1,4,0,1,4
PG,EEE,8.13,79,34,10,4,0,5,3,14,2,5,1,1,4
UG,ECE,6.7,64,85,0,9,8,1,2,17,7,1,1,1,3
UG,IT,8.11,56,36,1,9,4,4,2,18,2,5,1,1,6
UG,IT,5.41,57,81,5,3,7,2,2,18,7,3,0,1,6
PG,ECE,8.66,97,90,1,2,5,7,0,40,0,1,1,1,3
PG,IT,5.64,96,48,7,8,9,6,3,3,5,3,0,0,1
PG,Civil,7.37,79,90,10,6,10,7,8,17,2,3,1,1,1
PG,EEE,5.3,99,79,1,1,3,0,1,34,6,1,0,1,4
PG,IT,6.15,75,90,3,6,2,7,7,31,6,1,0,1,6
PG,ME,5.99,81,65,9,4,8,10,6,10,0,1,0,0,1
UG,EEE,5.29,74,44,10,10,8,3,8,10,2,3,0,0,1
PG,Civil,5.81,81,63,3,1,1,2,4,19,1,2,1,1,4
UG,ME,5.83,97,79,5,6,9,5,6,16,5,2,0,0,1
UG,ECE,8.34,71,81,3,9,3,5,8,20,9,5,0,1,6
PG,EEE,9.53,70,56,9,8,8,4,5,4,2,2,1,0,2
PG,EEE,5.87,96,36,7,2,4,2,6,5,10,2,0,1,4
UG,CS,7.73,58,92,10,9,10,6,2,2,1,0,0,1,2
UG,ECE,6.2,61,79,8,6,9,4,6,28,9,4,0,0,0
PG,Civil,8.51,70,33,3,0,2,4,4,1,3,0,0,0,4
UG,ME,5.47,46,48,0,6,2,9,5,12,5,5,1,1,4
UG,ME,9.62,66,67,10,9,3,7,8,33,6,0,0,1,2
PG,ECE,7.45,93,61,7,0,1,0,4,17,9,1,1,1,6
PG,EEE,7.11,79,34,1,7,0,6,0,27,5,4,1,0,4
UG,Civil,5.17,89,54,4,4,6,5,1,26,0,4,1,1,4
UG,EEE,6.84,65,43,3,1,3,2,8,6,10,3,0,0,4
PG,ECE,7.21,95,38,6,5,3,4,7,2,1,2,1,0,6
UG,ME,8.23,84,36,8,2,2,7,3,7,4,5,0,0,4
UG,ME,9.96,55,53,5,6,8,5,2,14,2,2,0,1,4
PG,IT,6.46,72,77,10,9,0,3,2,4,8,3,0,1,0
UG,ME,9.64,71,45,4,7,3,4,2,20,2,4,0,1,4
PG,ME,8.21,48,94,9,5,0,5,1,10,2,1,1,1,3
UG,Civil,7.82,59,50,1,9,9,7,9,22,9,5,0,1,4
UG,CS,6.08,53,66,6,0,1,8,2,21,6,0,0,1,6
PG,ME,8.05,83,76,1,2,4,10,1,3,0,3,1,0,3
PG,EEE,6.62,83,96,9,7,5,5,0,20,2,1,0,0,4
UG,ECE,8.59,94,39,9,9,3,10,5,15,8,5,0,0,2
PG,Civil,9.53,92,37,7,7,2,9,5,8,9,1,1,1,4
UG,EEE,6.76,43,66,7,0,5,3,4,10,4,1,1,0,3
PG,Civil,7.56,67,34,0,5,1,4,5,26,7,0,0,0,4
PG,Civil,9.56,93,82,3,1,1,6,4,22,10,0,0,1,4
PG,CS,8.34,79,32,0,1,9,9,6,5,7,5,1,0,1
UG,ECE,9.21,77,58,6,9,10,0,0,38,10,4,0,0,1
PG,ME,7.55,70,40,5,1,2,5,2,4,8,3,1,0,4
UG,IT,8.34,52,67,10,4,4,10,5,37,0,2,0,0,6
PG,EEE,9.49,95,68,6,4,0,8,10,7,4,5,0,1,4
UG,CS,6.51,83,88,6,3,6,10,4,29,6,4,1,1,3
UG,CS,7.82,87,56,6,2,2,6,1,19,5,4,1,1,6
PG,Civil,6.0,78,49,1,1,3,5,2,21,4,4,1,1,4
PG,EEE,6.12,57,52,8,8,0,6,8,0,1,3,1,1,2
PG,EEE,5.19,79,93,3,8,9,0,7,27,4,4,1,1,1
UG,ME,9.76,79,47,2,0,3,4,10,16,7,1,0,1,4
PG,Civil,5.07,76,63,2,6,10,2,0,13,5,2,0,1,1
UG,Civil,8.44,43,90,0,0,1,9,7,33,10,1,0,0,4
PG,Civil,7.02,97,39,7,5,10,3,2,0,10,2,1,1,1
UG,EEE,9.21,93,66,0,9,0,3,2,26,7,3,1,0,3
PG,EEE,5.55,70,87,6,9,1,3,10,21,2,2,0,1,4
UG,EEE,7.1,87,94,4,0,9,7,1,15,5,1,1,0,1
PG,CS,7.17,51,78,2,3,1,1,1,16,9,1,1,0,3
UG,CS,8.62,40,90,3,8,3,1,2,11,9,4,0,1,5
UG,Civil,8.94,91,44,9,2,6,3,7,38,7,1,0,1,4
UG,CS,5.27,54,66,9,4,6,8,6,40,3,1,1,1,3
UG,ECE,7.08,63,70,0,0,7,10,6,8,10,2,1,1,3
PG,IT,7.65,54,39,0,10,3,5,1,28,6,0,0,1,6
PG,ME,8.42,68,91,3,8,6,1,0,24,0,5,1,0,3
UG,EEE,7.13,87,49,5,4,10,5,2,4,1,2,0,1,1
UG,Civil,7.77,42,96,1,9,6,6,8,36,3,5,1,1,3
PG,IT,7.12,53,73,1,0,3,6,8,31,8,3,1,0,3
PG,IT,5.16,62,84,9,5,10,9,3,2,8,3,0,1,0
UG,Civil,5.91,84,57,5,0,3,4,10,30,3,2,1,1,4
PG,Civil,6.25,69,74,3,9,4,6,8,20,10,1,0,1,4
UG,CS,9.83,90,62,1,5,4,0,0,14,3,5,1,1,5
PG,ECE,5.55,93,62,9,8,10,6,6,1,1,5,0,0,1
PG,CS,6.98,85,96,6,6,3,6,4,35,6,4,1,1,3
UG,Civil,9.02,89,94,1,9,7,10,7,14,0,0,1,1,3
UG,CS,5.42,47,74,1,2,5,9,3,38,3,1,0,1,6
UG,Civil,5.51,97,41,0,3,1,8,4,18,3,5,1,0,4
UG,CS,7.83,94,68,8,3,6,8,4,19,7,4,0,0,6
PG,CS,6.27,97,35,3,10,9,2,0,14,4,5,1,0,1
UG,EEE,7.22,95,68,2,2,9,8,1,13,2,3,1,1,1
PG,CS,5.12,78,98,2,1,3,3,10,23,7,4,0,0,6
UG,Civil,6.6,54,98,3,3,10,1,9,29,5,4,1,0,3
PG,ECE,9.18,82,63,10,3,10,8,4,21,2,5,0,0,1
PG,ECE,9.52,71,71,4,8,2,5,7,38,5,5,0,1,5
PG,Civil,8.5,62,69,0,8,3,7,9,38,9,1,1,0,3
PG,Civil,6.71,55,45,1,7,9,6,7,10,5,0,1,0,4
UG,CS,9.28,96,67,9,0,0,7,5,39,7,2,1,1,3
UG,ECE,5.12,78,65,8,1,10,8,9,18,1,4,1,0,1
PG,EEE,8.04,70,39,10,4,8,4,10,40,9,5,0,1,4
UG,EEE,9.17,90,32,0,8,10,0,8,16,1,1,1,1,1
PG,CS,6.55,56,32,1,7,8,1,1,25,8,5,1,0,6
PG,Civil,9.74,64,73,8,8,6,9,8,36,4,3,1,1,2
PG,EEE,9.43,62,58,2,3,6,10,10,29,4,3,0,0,4
UG,CS,9.92,49,44,1,3,1,7,6,32,1,1,1,0,6
PG,IT,5.59,53,63,10,8,0,8,6,1,1,4,0,0,2
PG,ME,6.56,65,90,2,3,9,3,1,26,10,1,0,1,4
UG,CS,5.65,78,92,4,4,4,1,4,18,3,4,1,1,3
UG,ECE,8.22,95,92,10,2,0,0,5,18,3,0,1,0,3
PG,EEE,5.81,54,79,6,6,0,3,3,0,0,0,0,1,4
PG,ME,9.05,86,35,1,8,3,6,5,7,6,0,1,0,4
PG,CS,6.28,99,56,0,10,4,9,1,18,7,1,1,0,6
PG,EEE,5.21,92,55,5,6,8,0,3,27,8,4,1,1,1
UG,ECE,9.35,99,77,8,0,0,3,2,6,10,2,0,1,0
UG,CS,8.8,50,31,9,3,0,0,7,22,7,4,1,1,5
UG,EEE,5.57,58,58,7,3,2,3,5,22,6,5,0,1,4
PG,EEE,5.81,47,84,1,7,8,4,3,35,3,5,0,1,4
PG,ME,9.55,94,42,4,9,7,6,6,21,6,1,1,1,4
PG,Civil,7.31,57,68,9,6,6,4,0,17,8,1,1,0,3
PG,ECE,9.43,54,77,7,2,3,2,5,29,8,4,1,1,3
UG,ECE,7.82,52,53,7,10,5,7,8,0,8,1,1,1,6
PG,EEE,9.69,71,85,7,10,3,7,6,28,1,4,1,1,3
UG,CS,9.93,42,78,4,9,7,8,6,0,0,0,1,0,3
PG,EEE,5.6,80,73,3,3,6,10,8,22,0,0,1,1,3
PG,ME,7.21,81,63,10,4,7,2,8,8,0,4,1,0,4
PG,CS,5.34,43,36,9,10,7,10,9,36,9,2,0,0,2
PG,ECE,8.9,61,76,4,7,4,10,4,17,10,2,0,1,6
PG,IT,7.84,62,63,5,6,4,8,3,29,9,0,1,1,6
PG,Civil,9.28,94,47,2,8,0,7,7,6,10,4,1,1,4
PG,CS,7.08,70,55,5,10,0,4,3,19,6,0,1,0,6
UG,IT,6.36,83,77,10,2,4,1,2,3,5,4,1,1,0
PG,Civil,8.52,70,95,10,4,4,10,6,32,3,2,1,0,3
UG,Civil,7.27,70,78,4,9,0,0,1,1,8,3,0,0,4
PG,Civil,7.16,41,99,8,4,3,4,8,27,6,3,0,1,0
UG,EEE,7.01,67,99,2,4,8,6,3,38,4,2,0,0,4
UG,CS,9.8,52,36,7,5,7,6,1,29,5,0,1,1,6
PG,CS,9.46,42,34,0,9,2,7,8,40,9,1,1,0,6
PG,Civil,8.96,52,72,0,5,9,1,8,0,10,0,1,0,3
PG,ECE,9.18,97,31,5,7,1,4,10,5,2,5,1,1,5
PG,ME,7.83,50,96,1,0,7,0,4,26,5,2,1,1,3
PG,IT,9.26,71,95,6,1,4,6,10,13,2,5,1,0,3
UG,EEE,6.98,87,32,8,9,4,7,1,2,6,5,1,1,2
UG,CS,8.75,94,75,10,0,3,9,10,37,5,1,1,0,3
UG,Civil,6.04,74,80,0,1,10,2,1,37,6,0,1,1,1
PG,ECE,5.34,61,68,2,8,2,6,3,23,1,0,0,1,6
PG,Civil,5.16,56,36,0,6,1,7,1,34,2,0,0,0,4
PG,IT,8.06,85,74,8,5,5,2,4,34,1,4,0,0,6
PG,IT,5.89,49,46,3,9,4,1,1,0,7,1,0,0,6
UG,CS,9.24,75,91,0,2,4,9,0,31,3,5,0,1,5
UG,ECE,6.34,46,51,8,1,9,7,7,26,9,5,1,0,6
PG,EEE,9.39,50,35,4,0,2,6,7,17,2,3,1,0,4
UG,ECE,9.95,92,53,7,1,5,3,8,9,1,0,0,1,6
UG,ECE,6.74,67,39,0,1,2,8,4,9,1,1,0,0,6
PG,IT,7.37,44,93,0,7,0,8,5,39,4,5,0,1,6
UG,EEE,6.47,54,95,6,1,5,1,9,32,6,2,1,1,3
PG,CS,9.02,75,42,5,4,3,8,5,37,1,5,0,1,5
PG,CS,6.74,95,77,8,9,10,2,9,0,7,3,0,1,0
PG,EEE,7.59,92,87,4,0,2,2,0,28,6,0,0,1,4
UG,IT,5.3,44,86,9,5,0,5,0,12,3,5,1,1,3
UG,ECE,9.24,76,74,9,10,7,7,0,28,4,3,0,1,2
PG,ECE,9.36,62,38,1,2,3,0,6,29,9,2,0,0,6
UG,Civil,9.31,49,90,1,9,9,0,8,37,8,5,1,0,3
PG,EEE,7.43,42,46,7,0,7,0,8,40,8,2,1,0,4
PG,ME,6.06,68,40,3,5,0,1,7,35,9,3,1,1,4
UG,CS,8.37,80,33,7,5,0,6,0,39,8,2,0,0,6
UG,Civil,8.88,84,59,0,5,5,3,6,24,0,4,0,1,4
PG,Civil,7.18,91,81,0,0,9,1,1,7,5,5,1,1,1
UG,Civil,9.19,70,92,10,5,7,0,6,23,8,2,1,0,0
PG,CS,8.23,41,44,2,3,3,5,6,3,9,5,0,1,6
UG,ME,5.41,74,96,7,9,0,10,1,18,7,4,1,0,3
UG,EEE,7.95,54,76,10,5,1,10,3,40,3,4,0,1,4
PG,CS,8.07,81,36,5,4,4,2,6,9,4,1,0,1,6
PG,IT,9.85,41,51,7,6,7,3,2,22,1,5,0,0,5
UG,Civil,8.06,91,76,1,5,0,6,2,27,0,1,0,0,4
PG,EEE,5.75,96,53,4,6,2,0,0,32,10,3,0,0,4
PG,CS,5.26,89,40,0,2,5,8,9,33,6,3,1,0,6
UG,Civil,7.42,49,37,9,10,8,3,3,8,7,3,0,1,2
UG,ECE,9.15,80,92,7,10,4,4,2,20,3,0,1,1,3
PG,ME,9.68,65,91,3,2,5,0,4,15,6,1,1,0,3
PG,EEE,7.5,45,95,7,7,0,0,0,27,3,3,1,1,3
UG,ECE,7.71,90,72,0,8,9,8,6,11,7,0,0,0,1
UG,CS,6.3,87,90,0,2,6,0,10,35,2,2,1,0,3
UG,ME,8.43,78,98,3,2,3,1,0,33,0,0,1,0,3
UG,CS,7.73,68,34,8,7,10,5,0,9,4,3,0,0,6
PG,ME,6.34,50,53,7,6,1,4,3,9,8,3,1,0,4
PG,ME,7.42,79,91,5,4,1,9,3,22,0,0,1,1,3
PG,ECE,7.54,51,85,1,3,1,3,5,21,1,2,1,1,3
PG,CS,6.13,54,91,1,2,10,4,10,30,5,2,1,0,3
PG,ECE,6.22,93,30,2,6,3,3,6,24,10,4,0,0,6
UG,ECE,6.65,58,33,0,8,10,5,7,14,1,5,1,1,6
UG,Civil,5.08,59,45,2,7,6,1,2,25,8,4,0,1,4
PG,ECE,9.02,59,91,1,1,5,7,6,19,1,0,1,0,3
PG,IT,7.71,99,72,10,6,4,1,5,15,6,5,0,0,6
UG,Civil,9.78,84,80,9,7,2,4,8,38,10,5,0,0,0
PG,IT,5.36,60,84,6,3,0,5,2,4,3,4,1,1,3
PG,ECE,5.06,69,50,6,8,3,4,8,9,10,5,0,1,6
PG,IT,7.9,92,74,3,3,6,10,4,31,5,5,1,0,3
UG,ME,9.0,44,54,7,3,6,7,8,20,2,4,1,0,4
UG,ECE,6.51,81,40,4,8,10,10,2,33,5,4,0,0,1
UG,CS,8.36,42,57,3,9,5,4,0,14,5,5,1,0,6
UG,ECE,7.74,47,48,8,10,10,7,2,25,4,2,0,1,2
PG,ECE,9.58,67,81,5,2,2,4,7,13,7,2,1,0,3
PG,Civil,8.58,47,80,9,9,1,9,1,6,5,3,0,1,0
PG,ME,7.34,42,33,3,3,9,8,7,16,0,0,1,1,4
PG,ME,8.89,66,72,2,7,7,5,8,9,0,4,1,1,3
PG,ECE,9.13,60,53,8,5,9,8,3,34,3,1,1,1,6
UG,IT,5.2,61,30,4,8,4,5,2,7,9,2,1,0,6
UG,IT,6.39,82,66,9,8,7,6,4,40,8,1,1,1,2
UG,EEE,6.36,71,90,0,4,7,1,1,39,9,3,0,0,4
UG,ME,6.43,72,81,1,2,2,8,9,33,2,2,1,0,3
UG,EEE,8.34,71,58,5,3,5,10,0,28,9,0,0,0,4
PG,Civil,8.01,77,86,4,3,1,2,5,7,4,4,1,1,3
PG,Civil,8.64,87,44,6,5,0,3,5,31,10,5,0,1,4
UG,ME,6.07,83,38,1,3,8,3,7,27,2,2,0,1,1
PG,EEE,6.29,47,62,9,1,2,10,1,2,7,2,0,1,4
UG,CS,6.64,45,76,6,9,9,5,0,28,0,3,0,1,6
UG,IT,5.29,64,90,8,4,3,8,8,30,2,4,0,1,6
UG,CS,9.14,99,95,7,10,7,2,6,31,6,1,0,0,6
PG,ECE,9.65,90,95,7,4,2,4,10,26,7,5,1,0,3
UG,EEE,8.81,88,46,9,7,7,6,5,3,0,0,0,0,4
UG,ME,5.87,94,98,4,3,0,4,3,13,9,4,1,1,3
UG,EEE,6.63,68,65,2,4,4,4,3,23,2,3,1,0,4
UG,CS,6.55,73,72,6,0,10,2,5,37,5,2,0,1,1
PG,CS,5.99,81,98,6,6,4,7,9,20,3,3,0,0,6
UG,Civil,6.95,56,80,10,2,1,1,5,5,4,5,0,0,4
UG,ECE,7.07,90,30,10,10,6,3,2,24,0,0,0,1,2
PG,CS,5.26,95,83,6,10,7,5,10,26,5,4,1,0,3
PG,ECE,7.96,70,65,0,4,2,3,6,4,3,0,1,0,6
PG,CS,7.07,71,52,0,3,8,9,5,5,3,1,0,1,1
UG,EEE,5.87,93,73,3,2,2,1,10,9,0,2,0,1,4
PG,ECE,5.75,87,30,6,4,1,0,10,6,0,2,0,0,6
PG,CS,6.7,77,44,6,10,10,0,6,17,5,4,1,0,1
UG,Civil,7.6,90,69,7,3,7,4,10,20,2,2,1,0,3
PG,Civil,9.41,72,62,9,10,4,0,3,11,0,1,1,1,2
UG,CS,8.78,73,57,8,1,0,9,9,8,1,5,0,0,5
UG,Civil,8.3,49,84,5,10,1,3,1,0,2,3,1,0,3
PG,ECE,9.43,62,38,6,4,8,7,9,25,7,5,1,0,5
PG,IT,7.87,48,39,9,8,9,2,10,30,2,2,1,1,2
UG,ME,7.53,86,74,5,4,4,1,6,18,7,3,0,0,4
PG,ME,6.62,56,75,6,1,10,5,7,4,5,3,1,1,3
